period,dim1,dim2,gl_account,line_type,forecast_amount,actual_amount,variance_abs,variance_pct,plan_type
2026-07-01,PC10,1000,400000,Revenue,1203241.95,1204652.45,1410.5,0.0011722496876043925,Forecast
2026-07-01,PC10,2000,400000,Revenue,641796.36,657083.15,15286.790000000037,0.02381875459686315,Forecast
2026-07-01,PC10,3000,400000,Revenue,324843.99,328541.58,3697.5900000000256,0.011382664028969801,Forecast
2026-07-01,PC20,1000,400000,Revenue,852741.4,869435.11,16693.709999999963,0.01957652108833928,Forecast
2026-07-01,PC20,2000,400000,Revenue,467515.12,474237.33,6722.210000000021,0.014378593787512202,Forecast
2026-07-01,PC20,3000,400000,Revenue,235942.6,237118.67,1176.070000000007,0.004984559803952347,Forecast
2026-07-01,PC30,1000,400100,Revenue,242432.65,173432.94,-68999.70999999999,-0.2846139329830367,Forecast
2026-07-01,PC30,2000,400100,Revenue,132600.84,94599.78,-38001.06,-0.2865823474421429,Forecast
2026-07-01,PC30,3000,400100,Revenue,66290.71,47299.89,-18990.820000000007,-0.28647784885695154,Forecast
2026-07-01,PC40,1000,400200,Revenue,428210.29,428088.12,-122.1699999999837,-0.00028530374643725564,Forecast
2026-07-01,PC40,2000,400200,Revenue,234639.02,233502.61,-1136.4100000000035,-0.004843226842662416,Forecast
2026-07-01,PC40,3000,400200,Revenue,118635.7,116751.31,-1884.3899999999994,-0.015883835978546083,Forecast
2026-07-01,CC100,1000,600000,Opex,269927.41,278871.24,8943.830000000016,0.03313420448853274,Forecast
2026-07-01,CC100,1000,600100,Opex,56799.7,57007.83,208.13000000000466,0.0036642799169714748,Forecast
2026-07-01,CC100,1000,600200,Opex,20927.56,21322.81,395.25,0.01888657827286124,Forecast
2026-07-01,CC100,1000,610000,Opex,122574.87,129436.36,6861.490000000005,0.055977950455913236,Forecast
2026-07-01,CC100,1000,620000,Opex,19075.28,15271.87,-3803.409999999998,-0.19938947160932885,Forecast
2026-07-01,CC100,1000,630000,Opex,14183.62,16209.45,2025.83,0.14282884059217604,Forecast
2026-07-01,CC100,1000,640000,Opex,10812.37,10059.56,-752.8100000000013,-0.06962488335119879,Forecast
2026-07-01,CC100,2000,600000,Opex,147188.36,154961.48,7773.120000000024,0.05281069780246227,Forecast
2026-07-01,CC100,2000,600100,Opex,31044.98,30538.66,-506.3199999999997,-0.0163092390460551,Forecast
2026-07-01,CC100,2000,600200,Opex,11645.78,11907.64,261.85999999999876,0.022485398144220375,Forecast
2026-07-01,CC100,2000,610000,Opex,67201.91,73150.15,5948.239999999991,0.08851296042032124,Forecast
2026-07-01,CC100,2000,620000,Opex,10326.7,10168.26,-158.4400000000005,-0.015342752282917147,Forecast
2026-07-01,CC100,2000,630000,Opex,7621.75,7054.64,-567.1099999999997,-0.07440679633942332,Forecast
2026-07-01,CC100,2000,640000,Opex,5911.35,6021.85,110.5,0.018692853578285838,Forecast
2026-07-01,CC100,3000,600000,Opex,74475.27,74982.79,507.5199999999895,0.006814611078281281,Forecast
2026-07-01,CC100,3000,600100,Opex,15562.97,15674.2,111.23000000000138,0.007147093388986896,Forecast
2026-07-01,CC100,3000,600200,Opex,5650.51,6029.32,378.8099999999995,0.06703996630392646,Forecast
2026-07-01,CC100,3000,610000,Opex,34781.93,37207.08,2425.1500000000015,0.06972442299780379,Forecast
2026-07-01,CC100,3000,620000,Opex,4669.81,4930.55,260.7399999999998,0.055835248115019616,Forecast
2026-07-01,CC100,3000,630000,Opex,3918.99,3554.54,-364.4499999999998,-0.09299589945368573,Forecast
2026-07-01,CC100,3000,640000,Opex,2992.1,3144.54,152.44000000000005,0.05094749507035195,Forecast
2026-07-01,CC200,1000,600000,Opex,536779.43,552475.77,15696.339999999967,0.029241694302629975,Forecast
2026-07-01,CC200,1000,600100,Opex,112070.93,108027.34,-4043.5899999999965,-0.036080632149657337,Forecast
2026-07-01,CC200,1000,600200,Opex,41386.31,43146.62,1760.310000000005,0.04253363008202483,Forecast
2026-07-01,CC200,1000,620000,Opex,11395.5,9457.19,-1938.3099999999995,-0.17009433548330477,Forecast
2026-07-01,CC200,1000,630000,Opex,48577.39,49441.84,864.4499999999971,0.017795315886670673,Forecast
2026-07-01,CC200,1000,640000,Opex,21535.49,23794.94,2259.449999999997,0.10491751058369217,Forecast
2026-07-01,CC200,1000,660000,Opex,20503.88,17867.04,-2636.84,-0.12860200118221526,Forecast
2026-07-01,CC200,2000,600000,Opex,289596.1,302815.66,13219.559999999998,0.045648266672099515,Forecast
2026-07-01,CC200,2000,600100,Opex,61149.75,62131.45,981.6999999999971,0.016054031292033036,Forecast
2026-07-01,CC200,2000,600200,Opex,22335.76,22380.96,45.20000000000073,0.002023660712686774,Forecast
2026-07-01,CC200,2000,620000,Opex,5315.01,5614.07,299.0599999999995,0.056267062526693175,Forecast
2026-07-01,CC200,2000,630000,Opex,26980.89,24380.53,-2600.3600000000006,-0.09637784372568883,Forecast
2026-07-01,CC200,2000,640000,Opex,10695.77,14773.23,4077.459999999999,0.3812217353215336,Forecast
2026-07-01,CC200,2000,660000,Opex,10974.03,12005.41,1031.3799999999992,0.09398370516574123,Forecast
2026-07-01,CC200,3000,600000,Opex,148068.68,149144.54,1075.8600000000151,0.007265952529596503,Forecast
2026-07-01,CC200,3000,600100,Opex,31031.73,29701.26,-1330.4700000000012,-0.04287450296841334,Forecast
2026-07-01,CC200,3000,600200,Opex,11145.48,11584.34,438.8600000000006,0.03937560338361386,Forecast
2026-07-01,CC200,3000,620000,Opex,2866.92,2872.67,5.75,0.0020056367111743615,Forecast
2026-07-01,CC200,3000,630000,Opex,12596.96,13201.05,604.0900000000001,0.04795522094219559,Forecast
2026-07-01,CC200,3000,640000,Opex,5935.41,5579.55,-355.8599999999997,-0.059955420097347896,Forecast
2026-07-01,CC200,3000,660000,Opex,5891.97,5888.76,-3.2100000000000364,-0.0005448092912896767,Forecast
2026-07-01,CC300,1000,600000,Opex,89082.29,86851.85,-2230.439999999988,-0.025037973316581644,Forecast
2026-07-01,CC300,1000,600100,Opex,18586.2,17417.67,-1168.5300000000025,-0.0628708396552282,Forecast
2026-07-01,CC300,1000,600200,Opex,6796.03,6766.19,-29.840000000000146,-0.004390798745738342,Forecast
2026-07-01,CC300,1000,630000,Opex,4406.8,3551.39,-855.4100000000003,-0.19411137333212314,Forecast
2026-07-01,CC300,1000,640000,Opex,3692.17,3598.18,-93.99000000000024,-0.02545657431808401,Forecast
2026-07-01,CC300,1000,650000,Opex,15763.94,13486.88,-2277.0600000000013,-0.14444739069039855,Forecast
2026-07-01,CC300,1000,660000,Opex,3394.69,3435.45,40.75999999999976,0.01200698738323669,Forecast
2026-07-01,CC300,2000,600000,Opex,46731.37,47257.27,525.8999999999942,0.011253682483522185,Forecast
2026-07-01,CC300,2000,600100,Opex,9941.18,9434.09,-507.09000000000015,-0.051009035144721264,Forecast
2026-07-01,CC300,2000,600200,Opex,3643.06,3587.83,-55.23000000000002,-0.01516033224816501,Forecast
2026-07-01,CC300,2000,630000,Opex,2466.63,2039.03,-427.60000000000014,-0.1733539282340684,Forecast
2026-07-01,CC300,2000,640000,Opex,1850.94,1685.2,-165.74,-0.08954369131360282,Forecast
2026-07-01,CC300,2000,650000,Opex,9779.82,8859.32,-920.5,-0.09412238671059386,Forecast
2026-07-01,CC300,2000,660000,Opex,1856.79,1879.03,22.24000000000001,0.011977660370855084,Forecast
2026-07-01,CC300,3000,600000,Opex,24423.52,24717.28,293.7599999999984,0.012027750299711032,Forecast
2026-07-01,CC300,3000,600100,Opex,4952.04,4888.14,-63.899999999999636,-0.012903772990525043,Forecast
2026-07-01,CC300,3000,600200,Opex,1832.56,1876.53,43.97000000000003,0.023993757366743806,Forecast
2026-07-01,CC300,3000,630000,Opex,1373.83,1313.64,-60.18999999999983,-0.04381182533501221,Forecast
2026-07-01,CC300,3000,640000,Opex,1043.7,849.97,-193.73000000000002,-0.18561847274120916,Forecast
2026-07-01,CC300,3000,650000,Opex,4931.57,3736.84,-1194.7299999999996,-0.24226159215016713,Forecast
2026-07-01,CC300,3000,660000,Opex,911.32,938.48,27.159999999999968,0.029802923232234525,Forecast
2026-07-01,CC400,1000,600000,Opex,155884.48,156923.84,1039.359999999986,0.006667501472885472,Forecast
2026-07-01,CC400,1000,600100,Opex,31611.37,33204.1,1592.7299999999996,0.05038471916908377,Forecast
2026-07-01,CC400,1000,600200,Opex,11950.21,11919.02,-31.18999999999869,-0.002609995974966021,Forecast
2026-07-01,CC400,1000,620000,Opex,3875.27,3930.7,55.429999999999836,0.014303519496705993,Forecast
2026-07-01,CC400,1000,630000,Opex,9831.49,10743.78,912.2900000000009,0.09279264892707015,Forecast
2026-07-01,CC400,1000,640000,Opex,6209.81,5969.57,-240.2400000000007,-0.03868717400371359,Forecast
2026-07-01,CC400,2000,600000,Opex,83067.06,85895.21,2828.1500000000087,0.03404658838292831,Forecast
2026-07-01,CC400,2000,600100,Opex,17113.86,17385.45,271.59000000000015,0.015869593417265314,Forecast
2026-07-01,CC400,2000,600200,Opex,6371.96,6629.84,257.8800000000001,0.0404710638484862,Forecast
2026-07-01,CC400,2000,620000,Opex,2182.3,2263.9,81.59999999999991,0.03739174265682991,Forecast
2026-07-01,CC400,2000,630000,Opex,5847.52,5491.8,-355.72000000000025,-0.06083262648096975,Forecast
2026-07-01,CC400,2000,640000,Opex,2990.44,3343.88,353.44000000000005,0.11818996535626866,Forecast
2026-07-01,CC400,3000,600000,Opex,41745.25,43438.03,1692.7799999999988,0.04055024224312943,Forecast
2026-07-01,CC400,3000,600100,Opex,8514.19,8932.38,418.1899999999987,0.04911682732003851,Forecast
2026-07-01,CC400,3000,600200,Opex,3199.39,3219.79,20.40000000000009,0.006376215466073249,Forecast
2026-07-01,CC400,3000,620000,Opex,984.92,966.24,-18.67999999999995,-0.018966007391463216,Forecast
2026-07-01,CC400,3000,630000,Opex,2353.02,2978.86,625.8400000000001,0.2659730899014884,Forecast
2026-07-01,CC400,3000,640000,Opex,1640.76,1741.12,100.3599999999999,0.06116677637192514,Forecast
2026-07-01,CC500,1000,500000,Opex,484949.34,451562.32,-33387.02000000002,-0.06884640775054982,Forecast
2026-07-01,CC500,1000,500100,Opex,214402.16,187633.11,-26769.050000000017,-0.12485438579536706,Forecast
2026-07-01,CC500,1000,600000,Opex,104367.53,106888.93,2521.399999999994,0.024158854770252723,Forecast
2026-07-01,CC500,1000,600100,Opex,21043.31,20829.61,-213.70000000000073,-0.010155246489264318,Forecast
2026-07-01,CC500,1000,600200,Opex,8157.56,8136.66,-20.900000000000546,-0.0025620406101825232,Forecast
2026-07-01,CC500,2000,500000,Opex,243429.53,260369.34,16939.809999999998,0.06958814733775313,Forecast
2026-07-01,CC500,2000,500100,Opex,107983.04,118341.36,10358.320000000007,0.09592543421633627,Forecast
2026-07-01,CC500,2000,600000,Opex,56076.23,59145.14,3068.909999999996,0.05472746652191127,Forecast
2026-07-01,CC500,2000,600100,Opex,11479.16,11658.74,179.57999999999993,0.015644001825917568,Forecast
2026-07-01,CC500,2000,600200,Opex,4342.68,4358.5,15.819999999999709,0.0036429117503476442,Forecast
2026-07-01,CC500,3000,500000,Opex,132126.88,101062.7,-31064.180000000008,-0.23510870763012043,Forecast
2026-07-01,CC500,3000,500100,Opex,59268.52,52442.39,-6826.129999999997,-0.11517294509800477,Forecast
2026-07-01,CC500,3000,600000,Opex,28156.29,28713.05,556.7599999999984,0.01977391197490857,Forecast
2026-07-01,CC500,3000,600100,Opex,5794.51,6044.37,249.85999999999967,0.043120125774224166,Forecast
2026-07-01,CC500,3000,600200,Opex,2186.98,2238.49,51.50999999999976,0.023553027462528128,Forecast
2026-08-01,PC10,1000,400000,Revenue,1213619.55,1211929.88,-1689.6700000001583,-0.0013922567414146865,Forecast
2026-08-01,PC10,2000,400000,Revenue,670194.28,661052.66,-9141.619999999995,-0.013640253688825866,Forecast
2026-08-01,PC10,3000,400000,Revenue,332308.1,330526.33,-1781.7699999999604,-0.005361801292234407,Forecast
2026-08-01,PC20,1000,400000,Revenue,866369.43,874393.34,8023.909999999916,0.009261534077904752,Forecast
2026-08-01,PC20,2000,400000,Revenue,470002.74,476941.82,6939.080000000016,0.014763913929523084,Forecast
2026-08-01,PC20,3000,400000,Revenue,234927.4,238470.91,3543.5100000000093,0.015083425773238922,Forecast
2026-08-01,PC30,1000,400100,Revenue,245631.31,227757.2,-17874.109999999986,-0.07276804410642922,Forecast
2026-08-01,PC30,2000,400100,Revenue,134399.09,124231.2,-10167.89,-0.07565445569609139,Forecast
2026-08-01,PC30,3000,400100,Revenue,68075.64,62115.6,-5960.040000000001,-0.0875502602693122,Forecast
2026-08-01,PC40,1000,400200,Revenue,436742.39,428894.62,-7847.770000000019,-0.017968876343787053,Forecast
2026-08-01,PC40,2000,400200,Revenue,235530.26,233942.52,-1587.7400000000198,-0.00674112956865933,Forecast
2026-08-01,PC40,3000,400200,Revenue,121487.22,116971.26,-4515.960000000006,-0.03717230503751758,Forecast
2026-08-01,CC100,1000,600000,Opex,276685.6,279304.77,2619.170000000042,0.009466231708480825,Forecast
2026-08-01,CC100,1000,600100,Opex,56375.39,58499.92,2124.529999999999,0.03768541556874372,Forecast
2026-08-01,CC100,1000,600200,Opex,21428.98,20588.45,-840.5299999999988,-0.03922398546267712,Forecast
2026-08-01,CC100,1000,610000,Opex,124760.93,159062.93,34302.0,0.27494184277080974,Forecast
2026-08-01,CC100,1000,620000,Opex,19678.68,19069.19,-609.4900000000016,-0.03097209772200176,Forecast
2026-08-01,CC100,1000,630000,Opex,13947.14,14701.76,754.6200000000008,0.0541057162973915,Forecast
2026-08-01,CC100,1000,640000,Opex,11068.42,12148.3,1079.8799999999992,0.09756406063376699,Forecast
2026-08-01,CC100,2000,600000,Opex,154286.19,161140.62,6854.429999999993,0.04442672412871167,Forecast
2026-08-01,CC100,2000,600100,Opex,31825.32,32124.36,299.0400000000009,0.009396292009004178,Forecast
2026-08-01,CC100,2000,600200,Opex,11737.22,12065.12,327.90000000000146,0.027936768672650037,Forecast
2026-08-01,CC100,2000,610000,Opex,66826.89,69971.87,3144.979999999996,0.04706159451681795,Forecast
2026-08-01,CC100,2000,620000,Opex,10380.08,9727.39,-652.6900000000005,-0.0628790914906244,Forecast
2026-08-01,CC100,2000,630000,Opex,7689.89,7518.05,-171.84000000000015,-0.0223462234180203,Forecast
2026-08-01,CC100,2000,640000,Opex,5946.68,5431.14,-515.54,-0.08669375180773137,Forecast
2026-08-01,CC100,3000,600000,Opex,76528.28,75905.33,-622.9499999999971,-0.00814012806768945,Forecast
2026-08-01,CC100,3000,600100,Opex,15477.95,15360.82,-117.13000000000102,-0.007567539628956096,Forecast
2026-08-01,CC100,3000,600200,Opex,5693.19,5911.23,218.03999999999996,0.03829838807417282,Forecast
2026-08-01,CC100,3000,610000,Opex,35478.12,28716.67,-6761.450000000004,-0.19058084250236496,Forecast
2026-08-01,CC100,3000,620000,Opex,4822.17,5027.7,205.52999999999975,0.04262189014489322,Forecast
2026-08-01,CC100,3000,630000,Opex,3982.93,3932.47,-50.460000000000036,-0.012669065235894188,Forecast
2026-08-01,CC100,3000,640000,Opex,3016.53,3003.6,-12.930000000000291,-0.004286382034987317,Forecast
2026-08-01,CC200,1000,600000,Opex,542741.74,555199.92,12458.180000000051,0.022954158639061098,Forecast
2026-08-01,CC200,1000,600100,Opex,114949.63,122171.25,7221.619999999995,0.06282421265731777,Forecast
2026-08-01,CC200,1000,600200,Opex,42394.52,44332.38,1937.8600000000006,0.045710153104693736,Forecast
2026-08-01,CC200,1000,620000,Opex,11499.71,10133.58,-1366.1299999999992,-0.11879690879161295,Forecast
2026-08-01,CC200,1000,630000,Opex,49608.96,44084.99,-5523.970000000001,-0.11135024801971259,Forecast
2026-08-01,CC200,1000,640000,Opex,21443.08,22081.7,638.619999999999,0.029782102198005086,Forecast
2026-08-01,CC200,1000,660000,Opex,21132.87,20484.6,-648.2700000000004,-0.030675909140594745,Forecast
2026-08-01,CC200,2000,600000,Opex,293680.75,297926.39,4245.640000000014,0.014456650631680877,Forecast
2026-08-01,CC200,2000,600100,Opex,60843.4,63338.96,2495.5599999999977,0.041016116785057996,Forecast
2026-08-01,CC200,2000,600200,Opex,22755.22,23227.64,472.41999999999825,0.020760950674174904,Forecast
2026-08-01,CC200,2000,620000,Opex,5494.37,6695.98,1201.6099999999997,0.21869841310286706,Forecast
2026-08-01,CC200,2000,630000,Opex,28120.54,30132.25,2011.7099999999991,0.07153881113236087,Forecast
2026-08-01,CC200,2000,640000,Opex,10869.53,12944.38,2074.8499999999985,0.1908868184732917,Forecast
2026-08-01,CC200,2000,660000,Opex,11056.21,11272.46,216.25,0.01955914368486127,Forecast
2026-08-01,CC200,3000,600000,Opex,148652.95,155070.71,6417.75999999998,0.04317277255513584,Forecast
2026-08-01,CC200,3000,600100,Opex,29857.12,31908.37,2051.25,0.06870220570503786,Forecast
2026-08-01,CC200,3000,600200,Opex,11613.27,11704.12,90.85000000000036,0.00782294736969005,Forecast
2026-08-01,CC200,3000,620000,Opex,2884.78,3021.25,136.4699999999998,0.047306900352886455,Forecast
2026-08-01,CC200,3000,630000,Opex,12861.74,12721.61,-140.1299999999992,-0.010895104394895185,Forecast
2026-08-01,CC200,3000,640000,Opex,5993.15,6859.01,865.8600000000006,0.14447494222570778,Forecast
2026-08-01,CC200,3000,660000,Opex,5970.89,6095.96,125.06999999999971,0.020946626047373122,Forecast
2026-08-01,CC300,1000,600000,Opex,90514.58,85862.81,-4651.770000000004,-0.05139249389435386,Forecast
2026-08-01,CC300,1000,600100,Opex,18668.15,17470.62,-1197.5300000000025,-0.06414829535867252,Forecast
2026-08-01,CC300,1000,600200,Opex,6787.59,6638.76,-148.82999999999993,-0.021926781081355817,Forecast
2026-08-01,CC300,1000,630000,Opex,4547.01,4000.39,-546.6200000000003,-0.12021526233722828,Forecast
2026-08-01,CC300,1000,640000,Opex,3698.89,3354.31,-344.5799999999999,-0.09315767703283956,Forecast
2026-08-01,CC300,1000,650000,Opex,15975.67,16579.89,604.2199999999993,0.0378212619564625,Forecast
2026-08-01,CC300,1000,660000,Opex,3473.85,3074.15,-399.6999999999998,-0.11505966003137724,Forecast
2026-08-01,CC300,2000,600000,Opex,47982.57,46349.84,-1632.7300000000032,-0.034027564592726135,Forecast
2026-08-01,CC300,2000,600100,Opex,9899.22,9856.02,-43.19999999999891,-0.004363980192378683,Forecast
2026-08-01,CC300,2000,600200,Opex,3736.0,3691.11,-44.88999999999987,-0.012015524625267632,Forecast
2026-08-01,CC300,2000,630000,Opex,2508.72,2183.92,-324.7999999999997,-0.12946841417137017,Forecast
2026-08-01,CC300,2000,640000,Opex,1878.47,1636.18,-242.28999999999996,-0.12898262948037498,Forecast
2026-08-01,CC300,2000,650000,Opex,10045.5,8760.37,-1285.1299999999992,-0.12793091433975404,Forecast
2026-08-01,CC300,2000,660000,Opex,1836.52,1789.5,-47.01999999999998,-0.025602770457168984,Forecast
2026-08-01,CC300,3000,600000,Opex,24514.02,24392.67,-121.35000000000218,-0.004950228481497615,Forecast
2026-08-01,CC300,3000,600100,Opex,5011.92,5031.66,19.73999999999978,0.003938610352918598,Forecast
2026-08-01,CC300,3000,600200,Opex,1868.62,1834.08,-34.539999999999964,-0.018484229003221612,Forecast
2026-08-01,CC300,3000,630000,Opex,1349.57,1268.06,-81.50999999999999,-0.0603970153456286,Forecast
2026-08-01,CC300,3000,640000,Opex,1065.44,849.96,-215.48000000000002,-0.20224508184412074,Forecast
2026-08-01,CC300,3000,650000,Opex,4998.61,4096.99,-901.6199999999999,-0.18037414401203533,Forecast
2026-08-01,CC300,3000,660000,Opex,917.69,902.24,-15.450000000000045,-0.01683575063474599,Forecast
2026-08-01,CC400,1000,600000,Opex,158602.87,165112.69,6509.820000000007,0.04104478058940552,Forecast
2026-08-01,CC400,1000,600100,Opex,32439.1,33540.54,1101.4400000000023,0.033954086272430566,Forecast
2026-08-01,CC400,1000,600200,Opex,12112.16,12412.12,299.96000000000095,0.02476519464736273,Forecast
2026-08-01,CC400,1000,620000,Opex,4026.4,4211.53,185.12999999999965,0.045979038346910306,Forecast
2026-08-01,CC400,1000,630000,Opex,9677.34,8999.4,-677.9400000000005,-0.07005437444587051,Forecast
2026-08-01,CC400,1000,640000,Opex,6322.78,6843.93,521.1500000000005,0.0824241868292113,Forecast
2026-08-01,CC400,2000,600000,Opex,83572.17,87140.22,3568.050000000003,0.04269423661010601,Forecast
2026-08-01,CC400,2000,600100,Opex,17178.09,18496.9,1318.8100000000013,0.07677279604426343,Forecast
2026-08-01,CC400,2000,600200,Opex,6378.63,6928.45,549.8199999999997,0.0861971928141309,Forecast
2026-08-01,CC400,2000,620000,Opex,2206.71,2320.0,113.28999999999996,0.051338870988938266,Forecast
2026-08-01,CC400,2000,630000,Opex,5821.73,6564.58,742.8500000000004,0.12759952797536134,Forecast
2026-08-01,CC400,2000,640000,Opex,3067.87,3575.27,507.4000000000001,0.16539162350425543,Forecast
2026-08-01,CC400,3000,600000,Opex,41676.44,44780.44,3104.0,0.07447853031592909,Forecast
2026-08-01,CC400,3000,600100,Opex,8566.9,9013.0,446.10000000000036,0.05207251164365177,Forecast
2026-08-01,CC400,3000,600200,Opex,3279.61,3316.32,36.710000000000036,0.011193404093779454,Forecast
2026-08-01,CC400,3000,620000,Opex,1012.67,1143.27,130.60000000000002,0.12896600077024106,Forecast
2026-08-01,CC400,3000,630000,Opex,2407.6,2666.37,258.77,0.10748047848479814,Forecast
2026-08-01,CC400,3000,640000,Opex,1655.27,1458.79,-196.48000000000002,-0.1186996683320546,Forecast
2026-08-01,CC500,1000,500000,Opex,495644.64,552139.48,56494.83999999997,0.11398255007862078,Forecast
2026-08-01,CC500,1000,500100,Opex,217546.84,228176.77,10629.929999999993,0.04886271848398255,Forecast
2026-08-01,CC500,1000,600000,Opex,104820.55,106372.94,1552.3899999999994,0.01480997762366253,Forecast
2026-08-01,CC500,1000,600100,Opex,21593.0,22362.7,769.7000000000007,0.03564581114249992,Forecast
2026-08-01,CC500,1000,600200,Opex,8210.8,7846.41,-364.3899999999994,-0.04437935402153255,Forecast
2026-08-01,CC500,2000,500000,Opex,243366.63,295219.51,51852.880000000005,0.21306487253408574,Forecast
2026-08-01,CC500,2000,500100,Opex,111923.6,123736.36,11812.759999999995,0.10554306687776299,Forecast
2026-08-01,CC500,2000,600000,Opex,56530.56,58047.07,1516.510000000002,0.026826374973111924,Forecast
2026-08-01,CC500,2000,600100,Opex,11773.24,12148.2,374.96000000000095,0.03184849710020359,Forecast
2026-08-01,CC500,2000,600200,Opex,4366.3,4506.88,140.57999999999993,0.03219659666078829,Forecast
2026-08-01,CC500,3000,500000,Opex,135690.08,130553.15,-5136.929999999993,-0.03785781539814844,Forecast
2026-08-01,CC500,3000,500100,Opex,60867.48,51450.95,-9416.530000000006,-0.15470543548048984,Forecast
2026-08-01,CC500,3000,600000,Opex,29041.6,28047.68,-993.9199999999983,-0.0342240096964354,Forecast
2026-08-01,CC500,3000,600100,Opex,5889.44,5988.64,99.20000000000073,0.016843706702165357,Forecast
2026-08-01,CC500,3000,600200,Opex,2220.27,2210.54,-9.730000000000018,-0.004382349894382223,Forecast
2026-09-01,PC10,1000,400000,Revenue,1226815.32,1214176.95,-12638.370000000112,-0.010301770603908102,Forecast
2026-09-01,PC10,2000,400000,Revenue,660401.05,662278.34,1877.2899999999208,0.0028426514464202027,Forecast
2026-09-01,PC10,3000,400000,Revenue,342649.24,331139.17,-11510.070000000007,-0.03359140676920809,Forecast
2026-09-01,PC20,1000,400000,Revenue,883148.79,891151.36,8002.569999999949,0.00906140628919386,Forecast
2026-09-01,PC20,2000,400000,Revenue,477110.14,486082.56,8972.419999999984,0.01880576254363402,Forecast
2026-09-01,PC20,3000,400000,Revenue,242918.27,243041.28,123.01000000000931,0.0005063843077756536,Forecast
2026-09-01,PC30,1000,400100,Revenue,248763.29,198136.23,-50627.06,-0.2035149961234232,Forecast
2026-09-01,PC30,2000,400100,Revenue,137579.13,108074.31,-29504.820000000007,-0.21445709098465737,Forecast
2026-09-01,PC30,3000,400100,Revenue,68392.71,54037.15,-14355.560000000005,-0.20989897899937002,Forecast
2026-09-01,PC40,1000,400200,Revenue,446676.33,431432.15,-15244.179999999993,-0.03412802285717712,Forecast
2026-09-01,PC40,2000,400200,Revenue,241941.52,235326.63,-6614.889999999985,-0.027340863197023748,Forecast
2026-09-01,PC40,3000,400200,Revenue,119291.4,117663.31,-1628.0899999999965,-0.013648008154820855,Forecast
2026-09-01,CC100,1000,600000,Opex,279047.7,294728.16,15680.459999999963,0.056192758442373696,Forecast
2026-09-01,CC100,1000,600100,Opex,58415.19,59629.82,1214.6299999999974,0.020793050574687805,Forecast
2026-09-01,CC100,1000,600200,Opex,21754.49,21581.42,-173.07000000000335,-0.007955599051046628,Forecast
2026-09-01,CC100,1000,610000,Opex,126970.19,110728.25,-16241.940000000002,-0.1279193171247519,Forecast
2026-09-01,CC100,1000,620000,Opex,19357.17,17550.57,-1806.5999999999985,-0.09332975843059697,Forecast
2026-09-01,CC100,1000,630000,Opex,14254.82,15238.21,983.3899999999994,0.06898649018367117,Forecast
2026-09-01,CC100,1000,640000,Opex,11012.8,11215.85,203.0500000000011,0.018437636205143205,Forecast
2026-09-01,CC100,2000,600000,Opex,154979.58,158986.1,4006.5200000000186,0.02585192191126095,Forecast
2026-09-01,CC100,2000,600100,Opex,32389.15,32317.79,-71.36000000000058,-0.0022032069381259026,Forecast
2026-09-01,CC100,2000,600200,Opex,11981.46,12162.04,180.58000000000175,0.015071618984664787,Forecast
2026-09-01,CC100,2000,610000,Opex,69012.04,71870.43,2858.3899999999994,0.041418714763394905,Forecast
2026-09-01,CC100,2000,620000,Opex,10588.38,8560.96,-2027.42,-0.19147593871772645,Forecast
2026-09-01,CC100,2000,630000,Opex,7798.56,7798.14,-0.42000000000007276,-5.3856096510134276e-05,Forecast
2026-09-01,CC100,2000,640000,Opex,5913.08,6597.72,684.6400000000003,0.11578399074593956,Forecast
2026-09-01,CC100,3000,600000,Opex,76533.58,77892.87,1359.2899999999936,0.01776070059704503,Forecast
2026-09-01,CC100,3000,600100,Opex,15682.1,16155.44,473.34000000000015,0.030183457572646528,Forecast
2026-09-01,CC100,3000,600200,Opex,5851.12,5959.7,108.57999999999993,0.01855713094245203,Forecast
2026-09-01,CC100,3000,610000,Opex,35741.64,31384.88,-4356.759999999998,-0.12189591747888454,Forecast
2026-09-01,CC100,3000,620000,Opex,4813.31,4936.63,123.31999999999971,0.025620622814653472,Forecast
2026-09-01,CC100,3000,630000,Opex,3938.1,4122.2,184.0999999999999,0.04674843198496735,Forecast
2026-09-01,CC100,3000,640000,Opex,3039.26,2802.33,-236.9300000000003,-0.0779564762475077,Forecast
2026-09-01,CC200,1000,600000,Opex,549087.99,570461.48,21373.48999999999,0.03892543706883844,Forecast
2026-09-01,CC200,1000,600100,Opex,112935.83,115362.91,2427.0800000000017,0.021490788175904864,Forecast
2026-09-01,CC200,1000,600200,Opex,42704.56,45076.44,2371.8800000000047,0.05554160960796704,Forecast
2026-09-01,CC200,1000,620000,Opex,11891.53,12707.42,815.8899999999994,0.06861101977626087,Forecast
2026-09-01,CC200,1000,630000,Opex,50922.48,49923.14,-999.3400000000038,-0.019624731552744558,Forecast
2026-09-01,CC200,1000,640000,Opex,22072.75,25247.31,3174.5600000000013,0.14382258667361345,Forecast
2026-09-01,CC200,1000,660000,Opex,21103.49,21955.42,851.9299999999967,0.040369152211316546,Forecast
2026-09-01,CC200,2000,600000,Opex,300929.31,305940.13,5010.820000000007,0.016651153056510205,Forecast
2026-09-01,CC200,2000,600100,Opex,61079.43,61376.76,297.33000000000175,0.004867923620112397,Forecast
2026-09-01,CC200,2000,600200,Opex,22968.07,23311.16,343.09000000000015,0.014937693937714408,Forecast
2026-09-01,CC200,2000,620000,Opex,5343.93,6074.12,730.1899999999996,0.13663914010849684,Forecast
2026-09-01,CC200,2000,630000,Opex,28214.13,24171.66,-4042.470000000001,-0.14327820847213793,Forecast
2026-09-01,CC200,2000,640000,Opex,11108.31,13664.56,2556.25,0.23012051338142347,Forecast
2026-09-01,CC200,2000,660000,Opex,11106.8,12243.08,1136.2800000000007,0.10230489429898808,Forecast
2026-09-01,CC200,3000,600000,Opex,149851.36,149185.83,-665.5299999999988,-0.0044412676668399865,Forecast
2026-09-01,CC200,3000,600100,Opex,30689.73,31257.09,567.3600000000006,0.018486966160992636,Forecast
2026-09-01,CC200,3000,600200,Opex,11698.77,12222.2,523.4300000000003,0.04474231051640474,Forecast
2026-09-01,CC200,3000,620000,Opex,2945.37,3171.87,226.5,0.07690035547316636,Forecast
2026-09-01,CC200,3000,630000,Opex,12722.11,14412.45,1690.3400000000001,0.1328663248470576,Forecast
2026-09-01,CC200,3000,640000,Opex,6127.48,5916.18,-211.29999999999927,-0.03448399668379159,Forecast
2026-09-01,CC200,3000,660000,Opex,6043.1,6495.68,452.5799999999999,0.07489202561599177,Forecast
2026-09-01,CC300,1000,600000,Opex,91992.12,87096.1,-4896.0199999999895,-0.05322216728998081,Forecast
2026-09-01,CC300,1000,600100,Opex,18768.38,17970.1,-798.2800000000025,-0.042533239416508106,Forecast
2026-09-01,CC300,1000,600200,Opex,6875.38,6755.37,-120.01000000000022,-0.01745503521259919,Forecast
2026-09-01,CC300,1000,630000,Opex,4498.58,3544.47,-954.1100000000001,-0.21209137105486622,Forecast
2026-09-01,CC300,1000,640000,Opex,3715.57,3594.61,-120.96000000000004,-0.032554897364334416,Forecast
2026-09-01,CC300,1000,650000,Opex,16518.85,20848.02,4329.170000000002,0.2620745390871642,Forecast
2026-09-01,CC300,1000,660000,Opex,3531.31,3345.41,-185.9000000000001,-0.05264335331647465,Forecast
2026-09-01,CC300,2000,600000,Opex,48936.29,48050.81,-885.4800000000032,-0.018094547012043685,Forecast
2026-09-01,CC300,2000,600100,Opex,10102.6,9617.96,-484.64000000000124,-0.04797180923722618,Forecast
2026-09-01,CC300,2000,600200,Opex,3703.56,3651.21,-52.34999999999991,-0.014135048439879443,Forecast
2026-09-01,CC300,2000,630000,Opex,2541.24,3194.99,653.75,0.25725630007397965,Forecast
2026-09-01,CC300,2000,640000,Opex,1889.77,1975.05,85.27999999999997,0.04512718478968339,Forecast
2026-09-01,CC300,2000,650000,Opex,10206.1,9786.98,-419.1200000000008,-0.041065637216958564,Forecast
2026-09-01,CC300,2000,660000,Opex,1916.0,1749.91,-166.08999999999992,-0.08668580375782876,Forecast
2026-09-01,CC300,3000,600000,Opex,25162.77,23928.67,-1234.1000000000022,-0.04904467989811941,Forecast
2026-09-01,CC300,3000,600100,Opex,5029.44,4905.51,-123.92999999999938,-0.024640914296621373,Forecast
2026-09-01,CC300,3000,600200,Opex,1899.48,1789.73,-109.75,-0.05777897108682376,Forecast
2026-09-01,CC300,3000,630000,Opex,1364.11,1328.29,-35.819999999999936,-0.026258879415882837,Forecast
2026-09-01,CC300,3000,640000,Opex,1077.8,809.93,-267.87,-0.24853405084431252,Forecast
2026-09-01,CC300,3000,650000,Opex,5044.27,4487.81,-556.46,-0.1103152686117119,Forecast
2026-09-01,CC300,3000,660000,Opex,930.15,976.86,46.710000000000036,0.05021770682148045,Forecast
2026-09-01,CC400,1000,600000,Opex,158942.79,162762.15,3819.359999999986,0.024029778261725403,Forecast
2026-09-01,CC400,1000,600100,Opex,32483.74,32579.0,95.2599999999984,0.002932544097446858,Forecast
2026-09-01,CC400,1000,600200,Opex,11996.46,12364.11,367.65000000000146,0.03064654072951533,Forecast
2026-09-01,CC400,1000,620000,Opex,3984.79,4436.25,451.46000000000004,0.11329580730728596,Forecast
2026-09-01,CC400,1000,630000,Opex,9982.05,11984.16,2002.1100000000006,0.20057102498985688,Forecast
2026-09-01,CC400,1000,640000,Opex,6469.37,6205.05,-264.3199999999997,-0.04085714683191713,Forecast
2026-09-01,CC400,2000,600000,Opex,83883.5,87567.37,3683.8699999999953,0.043916503245572676,Forecast
2026-09-01,CC400,2000,600100,Opex,17642.67,18075.99,433.32000000000335,0.02456090829789388,Forecast
2026-09-01,CC400,2000,600200,Opex,6609.55,6698.85,89.30000000000018,0.013510753379579575,Forecast
2026-09-01,CC400,2000,620000,Opex,2229.52,2716.77,487.25,0.2185447988804765,Forecast
2026-09-01,CC400,2000,630000,Opex,5946.7,4453.0,-1493.6999999999998,-0.2511813274589268,Forecast
2026-09-01,CC400,2000,640000,Opex,3055.63,3436.63,381.0,0.12468787124095522,Forecast
2026-09-01,CC400,3000,600000,Opex,42762.06,44697.87,1935.810000000005,0.045269334545623034,Forecast
2026-09-01,CC400,3000,600100,Opex,8749.17,9085.83,336.65999999999985,0.038479078586883084,Forecast
2026-09-01,CC400,3000,600200,Opex,3346.04,3360.98,14.940000000000055,0.004464979498153057,Forecast
2026-09-01,CC400,3000,620000,Opex,1004.56,955.19,-49.36999999999989,-0.04914589472007635,Forecast
2026-09-01,CC400,3000,630000,Opex,2450.97,2789.76,338.7900000000004,0.13822690608208196,Forecast
2026-09-01,CC400,3000,640000,Opex,1711.43,2093.94,382.51,0.22350315233459736,Forecast
2026-09-01,CC500,1000,500000,Opex,496592.4,541487.77,44895.369999999995,0.09040688097522233,Forecast
2026-09-01,CC500,1000,500100,Opex,216396.61,205883.53,-10513.079999999987,-0.04858246161989316,Forecast
2026-09-01,CC500,1000,600000,Opex,107020.79,104264.84,-2755.949999999997,-0.02575153855620013,Forecast
2026-09-01,CC500,1000,600100,Opex,21716.52,21476.49,-240.02999999999884,-0.011052875875140162,Forecast
2026-09-01,CC500,1000,600200,Opex,8237.34,8151.0,-86.34000000000015,-0.010481538943396793,Forecast
2026-09-01,CC500,2000,500000,Opex,239457.3,277625.8,38168.5,0.15939585053368596,Forecast
2026-09-01,CC500,2000,500100,Opex,111894.38,120984.26,9089.87999999999,0.08123625154364311,Forecast
2026-09-01,CC500,2000,600000,Opex,58201.44,57258.29,-943.1500000000015,-0.016204925513870472,Forecast
2026-09-01,CC500,2000,600100,Opex,11736.8,12345.15,608.3500000000004,0.051832697157658,Forecast
2026-09-01,CC500,2000,600200,Opex,4442.25,4582.16,139.90999999999985,0.03149530080477232,Forecast
2026-09-01,CC500,3000,500000,Opex,138019.36,150825.28,12805.920000000013,0.09278350515463928,Forecast
2026-09-01,CC500,3000,500100,Opex,61390.94,57739.89,-3651.050000000003,-0.05947213057822543,Forecast
2026-09-01,CC500,3000,600000,Opex,29149.87,30301.49,1151.6200000000026,0.03950686572530178,Forecast
2026-09-01,CC500,3000,600100,Opex,5871.87,6190.86,318.9899999999998,0.054325112783491426,Forecast
2026-09-01,CC500,3000,600200,Opex,2251.01,2193.81,-57.20000000000027,-0.025410815589446634,Forecast
2026-10-01,PC10,1000,400000,Revenue,1246916.28,1219886.13,-27030.15000000014,-0.0216775981142857,Forecast
2026-10-01,PC10,2000,400000,Revenue,688711.42,665392.44,-23318.980000000098,-0.03385885484518334,Forecast
2026-10-01,PC10,3000,400000,Revenue,337531.53,332696.22,-4835.310000000056,-0.014325506123828062,Forecast
2026-10-01,PC20,1000,400000,Revenue,884150.37,901527.56,17377.19000000006,0.019654111551183382,Forecast
2026-10-01,PC20,2000,400000,Revenue,491093.25,491742.3,649.0499999999884,0.0013216430891688866,Forecast
2026-10-01,PC20,3000,400000,Revenue,242982.9,245871.15,2888.25,0.01188663893632021,Forecast
2026-10-01,PC30,1000,400100,Revenue,258235.13,195237.59,-62997.54000000001,-0.24395418237634828,Forecast
2026-10-01,PC30,2000,400100,Revenue,138007.28,106493.23,-31514.050000000003,-0.22835063483607534,Forecast
2026-10-01,PC30,3000,400100,Revenue,69432.08,53246.61,-16185.470000000001,-0.2331122731740141,Forecast
2026-10-01,PC40,1000,400200,Revenue,445904.03,433494.2,-12409.830000000016,-0.027830719538462157,Forecast
2026-10-01,PC40,2000,400200,Revenue,245502.84,236451.38,-9051.459999999992,-0.03686906432528435,Forecast
2026-10-01,PC40,3000,400200,Revenue,120927.58,118225.69,-2701.8899999999994,-0.02234304200910991,Forecast
2026-10-01,CC100,1000,600000,Opex,280529.51,292510.67,11981.159999999974,0.04270908967830149,Forecast
2026-10-01,CC100,1000,600100,Opex,57605.34,57398.44,-206.89999999999418,-0.003591680910137744,Forecast
2026-10-01,CC100,1000,600200,Opex,22152.88,22202.52,49.63999999999942,0.0022407921678806284,Forecast
2026-10-01,CC100,1000,610000,Opex,128292.31,119394.31,-8898.0,-0.06935723583120454,Forecast
2026-10-01,CC100,1000,620000,Opex,19434.68,20102.69,668.0099999999984,0.03437206066680791,Forecast
2026-10-01,CC100,1000,630000,Opex,14607.69,16443.09,1835.3999999999996,0.1256461493911768,Forecast
2026-10-01,CC100,1000,640000,Opex,11483.72,8828.4,-2655.3199999999997,-0.23122472508908262,Forecast
2026-10-01,CC100,2000,600000,Opex,155594.19,157904.77,2310.579999999987,0.014850040351763695,Forecast
2026-10-01,CC100,2000,600100,Opex,32525.25,33132.08,606.8300000000017,0.018657197100714114,Forecast
2026-10-01,CC100,2000,600200,Opex,12370.02,12106.51,-263.5100000000002,-0.02130230993967675,Forecast
2026-10-01,CC100,2000,610000,Opex,68110.07,76053.98,7943.909999999989,0.11663341411923359,Forecast
2026-10-01,CC100,2000,620000,Opex,10633.47,10482.17,-151.29999999999927,-0.014228657249232779,Forecast
2026-10-01,CC100,2000,630000,Opex,7876.99,8378.04,501.0500000000011,0.06360932285047984,Forecast
2026-10-01,CC100,2000,640000,Opex,6119.62,5911.09,-208.52999999999975,-0.034075645219801186,Forecast
2026-10-01,CC100,3000,600000,Opex,77655.96,77065.31,-590.6500000000087,-0.007605984138242689,Forecast
2026-10-01,CC100,3000,600100,Opex,15860.1,15839.07,-21.030000000000655,-0.0013259689409272737,Forecast
2026-10-01,CC100,3000,600200,Opex,5879.45,6162.14,282.6900000000005,0.04808102798731183,Forecast
2026-10-01,CC100,3000,610000,Opex,36146.66,35511.94,-634.7200000000012,-0.017559575352190247,Forecast
2026-10-01,CC100,3000,620000,Opex,4864.93,4993.15,128.21999999999935,0.026355980456039315,Forecast
2026-10-01,CC100,3000,630000,Opex,4062.85,3878.92,-183.92999999999984,-0.04527117663708969,Forecast
2026-10-01,CC100,3000,640000,Opex,3075.91,2945.25,-130.65999999999985,-0.04247848604152913,Forecast
2026-10-01,CC200,1000,600000,Opex,545778.71,588634.08,42855.369999999995,0.07852151286736707,Forecast
2026-10-01,CC200,1000,600100,Opex,117191.17,117476.13,284.9600000000064,0.0024315825159865407,Forecast
2026-10-01,CC200,1000,600200,Opex,42952.71,43161.37,208.6600000000035,0.004857900700561233,Forecast
2026-10-01,CC200,1000,620000,Opex,11648.53,11122.54,-525.9899999999998,-0.045155053899504895,Forecast
2026-10-01,CC200,1000,630000,Opex,50875.52,55590.59,4715.07,0.09267856131986464,Forecast
2026-10-01,CC200,1000,640000,Opex,21969.73,21721.13,-248.59999999999854,-0.01131556919452349,Forecast
2026-10-01,CC200,1000,660000,Opex,20881.34,23957.9,3076.5600000000013,0.14733537215523532,Forecast
2026-10-01,CC200,2000,600000,Opex,301725.86,314955.49,13229.630000000005,0.04384652346338496,Forecast
2026-10-01,CC200,2000,600100,Opex,61550.28,65006.65,3456.3700000000026,0.05615522788848406,Forecast
2026-10-01,CC200,2000,600200,Opex,23771.2,23665.83,-105.36999999999898,-0.004432674833411817,Forecast
2026-10-01,CC200,2000,620000,Opex,5583.97,5116.88,-467.09000000000015,-0.08364837203638274,Forecast
2026-10-01,CC200,2000,630000,Opex,28077.38,27655.71,-421.6700000000019,-0.01501813915685872,Forecast
2026-10-01,CC200,2000,640000,Opex,10977.72,12857.32,1879.6000000000004,0.17121952463717424,Forecast
2026-10-01,CC200,2000,660000,Opex,11279.58,12240.35,960.7700000000004,0.08517781690453018,Forecast
2026-10-01,CC200,3000,600000,Opex,152816.18,157860.11,5043.929999999993,0.033006518027083216,Forecast
2026-10-01,CC200,3000,600100,Opex,31255.03,32343.1,1088.0699999999997,0.03481263655801961,Forecast
2026-10-01,CC200,3000,600200,Opex,11756.79,12370.04,613.25,0.05216134676216892,Forecast
2026-10-01,CC200,3000,620000,Opex,2946.37,2728.64,-217.73000000000002,-0.0738977114211725,Forecast
2026-10-01,CC200,3000,630000,Opex,13011.13,14611.28,1600.1500000000015,0.12298316902528847,Forecast
2026-10-01,CC200,3000,640000,Opex,6148.44,6954.94,806.5,0.13117148414882476,Forecast
2026-10-01,CC200,3000,660000,Opex,5998.74,6100.51,101.77000000000044,0.016965229364833356,Forecast
2026-10-01,CC300,1000,600000,Opex,93803.27,88572.71,-5230.559999999998,-0.055760955881388755,Forecast
2026-10-01,CC300,1000,600100,Opex,18944.58,17750.23,-1194.3500000000022,-0.06304441692557988,Forecast
2026-10-01,CC300,1000,600200,Opex,6910.25,6931.89,21.640000000000327,0.003131579899424815,Forecast
2026-10-01,CC300,1000,630000,Opex,4639.22,4526.82,-112.40000000000055,-0.024228210776811736,Forecast
2026-10-01,CC300,1000,640000,Opex,3767.77,3572.65,-195.1199999999999,-0.051786600562136194,Forecast
2026-10-01,CC300,1000,650000,Opex,16368.69,20957.48,4588.789999999999,0.2803394773802912,Forecast
2026-10-01,CC300,1000,660000,Opex,3585.72,3415.27,-170.44999999999982,-0.047535780819472746,Forecast
2026-10-01,CC300,2000,600000,Opex,49562.2,47678.02,-1884.1800000000003,-0.03801647223085336,Forecast
2026-10-01,CC300,2000,600100,Opex,10386.03,9560.41,-825.6200000000008,-0.07949331939152889,Forecast
2026-10-01,CC300,2000,600200,Opex,3742.53,3668.12,-74.41000000000031,-0.019882272152795116,Forecast
2026-10-01,CC300,2000,630000,Opex,2557.78,2903.12,345.3399999999997,0.13501552127235325,Forecast
2026-10-01,CC300,2000,640000,Opex,1904.84,1838.91,-65.92999999999984,-0.034611830914932404,Forecast
2026-10-01,CC300,2000,650000,Opex,10307.75,8006.86,-2300.8900000000003,-0.22321942227935296,Forecast
2026-10-01,CC300,2000,660000,Opex,1867.19,1828.14,-39.049999999999955,-0.02091377952966755,Forecast
2026-10-01,CC300,3000,600000,Opex,25068.82,24614.23,-454.59000000000015,-0.01813368160128798,Forecast
2026-10-01,CC300,3000,600100,Opex,5167.51,4849.56,-317.9499999999998,-0.061528666611191815,Forecast
2026-10-01,CC300,3000,600200,Opex,1915.44,1831.79,-83.65000000000009,-0.04367142797477347,Forecast
2026-10-01,CC300,3000,630000,Opex,1406.71,1367.8,-38.91000000000008,-0.027660285346659996,Forecast
2026-10-01,CC300,3000,640000,Opex,1086.6,976.82,-109.77999999999986,-0.1010307380820908,Forecast
2026-10-01,CC300,3000,650000,Opex,5054.28,4682.46,-371.8199999999997,-0.07356537429663566,Forecast
2026-10-01,CC300,3000,660000,Opex,916.04,941.71,25.670000000000073,0.028022793764464513,Forecast
2026-10-01,CC400,1000,600000,Opex,160567.75,161782.4,1214.6499999999942,0.0075647195654170545,Forecast
2026-10-01,CC400,1000,600100,Opex,32991.38,33399.6,408.22000000000116,0.012373535147665881,Forecast
2026-10-01,CC400,1000,600200,Opex,12341.66,12475.5,133.84000000000015,0.010844570341428961,Forecast
2026-10-01,CC400,1000,620000,Opex,4060.96,4160.88,99.92000000000007,0.024605019502777686,Forecast
2026-10-01,CC400,1000,630000,Opex,10048.3,9288.01,-760.289999999999,-0.07566354507727667,Forecast
2026-10-01,CC400,1000,640000,Opex,6495.97,5545.64,-950.3299999999999,-0.14629531848207425,Forecast
2026-10-01,CC400,2000,600000,Opex,84727.34,88314.4,3587.0599999999977,0.042336511449550966,Forecast
2026-10-01,CC400,2000,600100,Opex,17676.4,17912.58,236.1800000000003,0.013361317915412656,Forecast
2026-10-01,CC400,2000,600200,Opex,6600.6,7126.88,526.2799999999997,0.07973214556252457,Forecast
2026-10-01,CC400,2000,620000,Opex,2285.64,1943.33,-342.30999999999995,-0.14976549237850229,Forecast
2026-10-01,CC400,2000,630000,Opex,6074.72,5629.47,-445.25,-0.07329555930149867,Forecast
2026-10-01,CC400,2000,640000,Opex,3092.74,3345.71,252.97000000000025,0.0817947839132938,Forecast
2026-10-01,CC400,3000,600000,Opex,42904.17,44187.29,1283.1200000000026,0.029906650099512534,Forecast
2026-10-01,CC400,3000,600100,Opex,8861.92,9271.11,409.1900000000005,0.046173966815317734,Forecast
2026-10-01,CC400,3000,600200,Opex,3339.31,3324.42,-14.889999999999873,-0.00445900500402774,Forecast
2026-10-01,CC400,3000,620000,Opex,1023.83,1212.96,189.13,0.18472793334830975,Forecast
2026-10-01,CC400,3000,630000,Opex,2424.47,2359.78,-64.6899999999996,-0.026682120215964562,Forecast
2026-10-01,CC400,3000,640000,Opex,1664.94,1449.82,-215.12000000000012,-0.12920585726812986,Forecast
2026-10-01,CC500,1000,500000,Opex,509026.72,526476.24,17449.52000000002,0.03428016509624489,Forecast
2026-10-01,CC500,1000,500100,Opex,218680.13,196654.89,-22025.23999999999,-0.10071898164684642,Forecast
2026-10-01,CC500,1000,600000,Opex,108166.36,108806.93,640.5699999999924,0.005922081504822686,Forecast
2026-10-01,CC500,1000,600100,Opex,21780.19,22399.77,619.5800000000017,0.02844695110556895,Forecast
2026-10-01,CC500,1000,600200,Opex,8293.04,8431.66,138.61999999999898,0.01671522143870028,Forecast
2026-10-01,CC500,2000,500000,Opex,249037.07,270558.91,21521.839999999967,0.08642022651487173,Forecast
2026-10-01,CC500,2000,500100,Opex,110232.01,119837.14,9605.130000000005,0.08713557885772023,Forecast
2026-10-01,CC500,2000,600000,Opex,59209.84,59384.95,175.11000000000058,0.002957447613437236,Forecast
2026-10-01,CC500,2000,600100,Opex,11912.64,12245.09,332.4500000000007,0.02790733204394666,Forecast
2026-10-01,CC500,2000,600200,Opex,4509.72,4606.96,97.23999999999978,0.02156231429002239,Forecast
2026-10-01,CC500,3000,500000,Opex,135951.25,112772.01,-23179.240000000005,-0.1704967037816865,Forecast
2026-10-01,CC500,3000,500100,Opex,61529.46,57703.62,-3825.8399999999965,-0.06217899523252758,Forecast
2026-10-01,CC500,3000,600000,Opex,29099.71,30359.79,1260.0800000000017,0.04330214974650956,Forecast
2026-10-01,CC500,3000,600100,Opex,5916.09,6172.38,256.28999999999996,0.04332084197502065,Forecast
2026-10-01,CC500,3000,600200,Opex,2293.28,2317.44,24.159999999999854,0.010535128723923749,Forecast
2026-11-01,PC10,1000,400000,Revenue,1266403.27,1241589.93,-24813.340000000084,-0.019593553323658176,Forecast
2026-11-01,PC10,2000,400000,Revenue,694129.93,677230.87,-16899.060000000056,-0.024345672574585645,Forecast
2026-11-01,PC10,3000,400000,Revenue,341892.76,338615.43,-3277.3300000000163,-0.009585842063458777,Forecast
2026-11-01,PC20,1000,400000,Revenue,891114.48,912545.61,21431.130000000005,0.024049805587268658,Forecast
2026-11-01,PC20,2000,400000,Revenue,493516.55,497752.15,4235.600000000035,0.00858248826711087,Forecast
2026-11-01,PC20,3000,400000,Revenue,245708.07,248876.08,3168.00999999998,0.012893390111281164,Forecast
2026-11-01,PC30,1000,400100,Revenue,259907.99,218349.05,-41558.94,-0.15989866259979157,Forecast
2026-11-01,PC30,2000,400100,Revenue,140772.86,119099.48,-21673.37999999999,-0.15395993233354777,Forecast
2026-11-01,PC30,3000,400100,Revenue,70587.18,59549.74,-11037.439999999995,-0.15636607100609481,Forecast
2026-11-01,PC40,1000,400200,Revenue,448947.77,433712.54,-15235.23000000004,-0.03393541747629137,Forecast
2026-11-01,PC40,2000,400200,Revenue,253622.28,236570.48,-17051.79999999999,-0.06723305223815505,Forecast
2026-11-01,PC40,3000,400200,Revenue,124256.36,118285.24,-5971.119999999995,-0.048054844033737956,Forecast
2026-11-01,CC100,1000,600000,Opex,286993.27,295591.17,8597.899999999965,0.02995854223341183,Forecast
2026-11-01,CC100,1000,600100,Opex,58593.62,60933.7,2340.0799999999945,0.03993745394123105,Forecast
2026-11-01,CC100,1000,600200,Opex,22310.72,22209.94,-100.78000000000247,-0.004517111056927005,Forecast
2026-11-01,CC100,1000,610000,Opex,127102.89,122718.87,-4384.020000000004,-0.034491898649983525,Forecast
2026-11-01,CC100,1000,620000,Opex,20084.81,17690.68,-2394.130000000001,-0.1192010280405939,Forecast
2026-11-01,CC100,1000,630000,Opex,14522.1,15819.93,1297.83,0.0893693060920941,Forecast
2026-11-01,CC100,1000,640000,Opex,11330.46,12425.14,1094.6800000000003,0.09661390623152108,Forecast
2026-11-01,CC100,2000,600000,Opex,158330.83,158705.54,374.71000000002095,0.0023666268913010878,Forecast
2026-11-01,CC100,2000,600100,Opex,32687.29,33418.49,731.1999999999971,0.02236955097837713,Forecast
2026-11-01,CC100,2000,600200,Opex,12079.32,12338.82,259.5,0.021482997387270143,Forecast
2026-11-01,CC100,2000,610000,Opex,70098.77,70906.77,808.0,0.011526593119964871,Forecast
2026-11-01,CC100,2000,620000,Opex,10973.8,10040.2,-933.5999999999985,-0.08507536131513228,Forecast
2026-11-01,CC100,2000,630000,Opex,7938.39,8818.26,879.8699999999999,0.11083733603413284,Forecast
2026-11-01,CC100,2000,640000,Opex,6140.91,6354.58,213.67000000000007,0.03479451742494192,Forecast
2026-11-01,CC100,3000,600000,Opex,78145.08,83646.28,5501.199999999997,0.07039726621304881,Forecast
2026-11-01,CC100,3000,600100,Opex,16427.9,16131.51,-296.39000000000124,-0.0180418677980753,Forecast
2026-11-01,CC100,3000,600200,Opex,5896.35,6217.98,321.6299999999992,0.05454730468849359,Forecast
2026-11-01,CC100,3000,610000,Opex,36704.32,33999.76,-2704.5599999999977,-0.0736850594153494,Forecast
2026-11-01,CC100,3000,620000,Opex,4887.71,4682.69,-205.02000000000044,-0.041946023802557936,Forecast
2026-11-01,CC100,3000,630000,Opex,4002.67,4098.35,95.68000000000029,0.0239040440505963,Forecast
2026-11-01,CC100,3000,640000,Opex,3136.69,3119.37,-17.320000000000164,-0.005521744259075702,Forecast
2026-11-01,CC200,1000,600000,Opex,560932.55,618459.89,57527.33999999997,0.10255660863324827,Forecast
2026-11-01,CC200,1000,600100,Opex,116678.31,119426.21,2747.9000000000087,0.0235510781738269,Forecast
2026-11-01,CC200,1000,600200,Opex,43596.04,43934.34,338.29999999999563,0.007759879108285882,Forecast
2026-11-01,CC200,1000,620000,Opex,12297.49,11134.26,-1163.2299999999996,-0.09459084740056707,Forecast
2026-11-01,CC200,1000,630000,Opex,51388.82,53873.83,2485.010000000002,0.048357016175892,Forecast
2026-11-01,CC200,1000,640000,Opex,22309.45,17812.4,-4497.049999999999,-0.20157601375201983,Forecast
2026-11-01,CC200,1000,660000,Opex,21346.76,22493.2,1146.4400000000023,0.05370557405432967,Forecast
2026-11-01,CC200,2000,600000,Opex,304934.12,324108.2,19174.080000000016,0.06287941801986612,Forecast
2026-11-01,CC200,2000,600100,Opex,62736.03,66718.05,3982.020000000004,0.06347261693161017,Forecast
2026-11-01,CC200,2000,600200,Opex,23531.4,24294.22,762.8199999999997,0.03241711075414126,Forecast
2026-11-01,CC200,2000,620000,Opex,5718.12,5443.24,-274.8800000000001,-0.04807174385987005,Forecast
2026-11-01,CC200,2000,630000,Opex,28835.7,28200.39,-635.3100000000013,-0.022032064420145905,Forecast
2026-11-01,CC200,2000,640000,Opex,11197.09,11330.61,133.52000000000044,0.011924526819021767,Forecast
2026-11-01,CC200,2000,660000,Opex,11152.6,12460.83,1308.2299999999996,0.11730269174900916,Forecast
2026-11-01,CC200,3000,600000,Opex,153001.83,154921.59,1919.7600000000093,0.012547300904832377,Forecast
2026-11-01,CC200,3000,600100,Opex,32461.23,32338.99,-122.23999999999796,-0.003765722987083298,Forecast
2026-11-01,CC200,3000,600200,Opex,11884.51,11985.14,100.6299999999992,0.008467324273360803,Forecast
2026-11-01,CC200,3000,620000,Opex,3009.88,2659.22,-350.6600000000003,-0.11650298350764825,Forecast
2026-11-01,CC200,3000,630000,Opex,13425.0,15050.83,1625.83,0.1211046554934823,Forecast
2026-11-01,CC200,3000,640000,Opex,6251.14,7215.71,964.5699999999997,0.15430305512274556,Forecast
2026-11-01,CC200,3000,660000,Opex,6141.77,5547.77,-594.0,-0.09671479068737514,Forecast
2026-11-01,CC300,1000,600000,Opex,91633.32,88388.33,-3244.9900000000052,-0.03541277343219699,Forecast
2026-11-01,CC300,1000,600100,Opex,19226.56,18182.05,-1044.510000000002,-0.05432641096483209,Forecast
2026-11-01,CC300,1000,600200,Opex,6983.36,6845.94,-137.42000000000007,-0.019678206479402476,Forecast
2026-11-01,CC300,1000,630000,Opex,4610.97,4452.91,-158.0600000000004,-0.03427912131286918,Forecast
2026-11-01,CC300,1000,640000,Opex,3758.34,3533.31,-225.0300000000002,-0.05987483835948855,Forecast
2026-11-01,CC300,1000,650000,Opex,16677.65,16279.77,-397.880000000001,-0.02385707818547583,Forecast
2026-11-01,CC300,1000,660000,Opex,3595.58,3585.36,-10.2199999999998,-0.0028423786982906237,Forecast
2026-11-01,CC300,2000,600000,Opex,50042.78,46575.01,-3467.769999999997,-0.06929611024807168,Forecast
2026-11-01,CC300,2000,600100,Opex,10342.41,9869.25,-473.15999999999985,-0.04574949165620004,Forecast
2026-11-01,CC300,2000,600200,Opex,3845.35,3744.42,-100.92999999999984,-0.026247285682707643,Forecast
2026-11-01,CC300,2000,630000,Opex,2558.95,2915.96,357.0100000000002,0.13951425389319846,Forecast
2026-11-01,CC300,2000,640000,Opex,1898.52,1745.78,-152.74,-0.08045214166824685,Forecast
2026-11-01,CC300,2000,650000,Opex,10352.22,8465.54,-1886.6799999999985,-0.18224883165156833,Forecast
2026-11-01,CC300,2000,660000,Opex,1925.05,1860.39,-64.65999999999985,-0.03358873795485824,Forecast
2026-11-01,CC300,3000,600000,Opex,25495.9,24504.63,-991.2700000000004,-0.038879584560654865,Forecast
2026-11-01,CC300,3000,600100,Opex,5205.87,4912.52,-293.34999999999945,-0.05634985122563557,Forecast
2026-11-01,CC300,3000,600200,Opex,1946.86,1795.39,-151.4699999999998,-0.07780220457557288,Forecast
2026-11-01,CC300,3000,630000,Opex,1429.12,1370.77,-58.34999999999991,-0.040829321540528374,Forecast
2026-11-01,CC300,3000,640000,Opex,1091.32,900.72,-190.5999999999999,-0.1746508815013011,Forecast
2026-11-01,CC300,3000,650000,Opex,5215.16,4460.82,-754.3400000000001,-0.14464369261921017,Forecast
2026-11-01,CC300,3000,660000,Opex,948.77,892.67,-56.10000000000002,-0.05912918831750585,Forecast
2026-11-01,CC400,1000,600000,Opex,162025.76,167027.02,5001.25999999998,0.03086706706390379,Forecast
2026-11-01,CC400,1000,600100,Opex,32674.6,33416.64,742.0400000000009,0.022709994919601184,Forecast
2026-11-01,CC400,1000,600200,Opex,12664.29,12485.98,-178.3100000000013,-0.014079747068331608,Forecast
2026-11-01,CC400,1000,620000,Opex,4061.11,4528.99,467.87999999999965,0.11520988104237502,Forecast
2026-11-01,CC400,1000,630000,Opex,10094.42,10669.35,574.9300000000003,0.05695522873032827,Forecast
2026-11-01,CC400,1000,640000,Opex,6524.22,7809.57,1285.3499999999995,0.19701205661366408,Forecast
2026-11-01,CC400,2000,600000,Opex,84795.87,91256.16,6460.290000000008,0.0761863755864526,Forecast
2026-11-01,CC400,2000,600100,Opex,17705.58,18841.71,1136.1299999999974,0.0641679063888332,Forecast
2026-11-01,CC400,2000,600200,Opex,6549.89,6835.58,285.6899999999996,0.043617526401206676,Forecast
2026-11-01,CC400,2000,620000,Opex,2314.04,2316.17,2.130000000000109,0.000920468099082172,Forecast
2026-11-01,CC400,2000,630000,Opex,6023.01,5164.21,-858.8000000000002,-0.14258651405194414,Forecast
2026-11-01,CC400,2000,640000,Opex,3238.63,3489.73,251.0999999999999,0.07753278392406662,Forecast
2026-11-01,CC400,3000,600000,Opex,42902.36,43571.47,669.1100000000006,0.015596111729051749,Forecast
2026-11-01,CC400,3000,600100,Opex,8846.91,9102.75,255.84000000000015,0.02891857156905633,Forecast
2026-11-01,CC400,3000,600200,Opex,3390.6,3452.9,62.30000000000018,0.018374329027310853,Forecast
2026-11-01,CC400,3000,620000,Opex,1037.4,1199.43,162.02999999999997,0.1561885482938114,Forecast
2026-11-01,CC400,3000,630000,Opex,2475.91,2957.5,481.59000000000015,0.19451030126297006,Forecast
2026-11-01,CC400,3000,640000,Opex,1724.06,1762.61,38.549999999999955,0.02236001067248237,Forecast
2026-11-01,CC500,1000,500000,Opex,507727.87,586315.01,78587.14000000001,0.15478200950442214,Forecast
2026-11-01,CC500,1000,500100,Opex,218871.3,213509.24,-5362.059999999998,-0.024498689412453794,Forecast
2026-11-01,CC500,1000,600000,Opex,107172.94,109751.38,2578.4400000000023,0.02405868496282739,Forecast
2026-11-01,CC500,1000,600100,Opex,21534.0,22509.97,975.9700000000012,0.04532228104393058,Forecast
2026-11-01,CC500,1000,600200,Opex,8423.07,8324.38,-98.69000000000051,-0.011716630634673642,Forecast
2026-11-01,CC500,2000,500000,Opex,251132.33,243207.99,-7924.3399999999965,-0.03155443984452339,Forecast
2026-11-01,CC500,2000,500100,Opex,112123.46,111757.25,-366.2100000000064,-0.00326613181576814,Forecast
2026-11-01,CC500,2000,600000,Opex,59774.02,60444.58,670.560000000005,0.01121825167522621,Forecast
2026-11-01,CC500,2000,600100,Opex,12359.16,12223.54,-135.61999999999898,-0.01097323766340099,Forecast
2026-11-01,CC500,2000,600200,Opex,4552.98,4944.81,391.83000000000084,0.08606011886720365,Forecast
2026-11-01,CC500,3000,500000,Opex,136402.71,158518.53,22115.820000000007,0.16213622148709514,Forecast
2026-11-01,CC500,3000,500100,Opex,61502.93,60448.46,-1054.4700000000012,-0.01714503682995267,Forecast
2026-11-01,CC500,3000,600000,Opex,29340.58,30167.66,827.0799999999981,0.02818894514014372,Forecast
2026-11-01,CC500,3000,600100,Opex,5972.84,6210.87,238.02999999999975,0.039852063674901676,Forecast
2026-11-01,CC500,3000,600200,Opex,2282.86,2345.54,62.679999999999836,0.02745678666234453,Forecast
2026-12-01,PC10,1000,400000,Revenue,1275366.24,1256876.32,-18489.919999999925,-0.014497733607877159,Forecast
2026-12-01,PC10,2000,400000,Revenue,697523.37,685568.9,-11954.469999999972,-0.017138450859359698,Forecast
2026-12-01,PC10,3000,400000,Revenue,347889.9,342784.45,-5105.450000000012,-0.014675476350420094,Forecast
2026-12-01,PC20,1000,400000,Revenue,918373.94,926532.64,8158.70000000007,0.008883853999602896,Forecast
2026-12-01,PC20,2000,400000,Revenue,501691.3,505381.44,3690.140000000014,0.007355399625227733,Forecast
2026-12-01,PC20,3000,400000,Revenue,247668.82,252690.72,5021.899999999994,0.02027667431047636,Forecast
2026-12-01,PC30,1000,400100,Revenue,265235.03,276842.33,11607.299999999988,0.04376231902701535,Forecast
2026-12-01,PC30,2000,400100,Revenue,141457.74,151004.91,9547.170000000013,0.06749132285020257,Forecast
2026-12-01,PC30,3000,400100,Revenue,70273.34,75502.45,5229.110000000001,0.07441100707608321,Forecast
2026-12-01,PC40,1000,400200,Revenue,464507.2,446077.53,-18429.669999999984,-0.03967574668379733,Forecast
2026-12-01,PC40,2000,400200,Revenue,250343.26,243315.02,-7028.24000000002,-0.02807441270837497,Forecast
2026-12-01,PC40,3000,400200,Revenue,126608.7,121657.51,-4951.190000000002,-0.039106238354868206,Forecast
2026-12-01,CC100,1000,600000,Opex,281214.24,292211.55,10997.309999999998,0.03910651893019357,Forecast
2026-12-01,CC100,1000,600100,Opex,60569.43,60919.46,350.02999999999884,0.005778987849150947,Forecast
2026-12-01,CC100,1000,600200,Opex,22638.06,23104.17,466.10999999999694,0.020589661834980424,Forecast
2026-12-01,CC100,1000,610000,Opex,128243.71,161653.49,33409.779999999984,0.26051788426894373,Forecast
2026-12-01,CC100,1000,620000,Opex,19915.43,16460.87,-3454.5600000000013,-0.1734614818761132,Forecast
2026-12-01,CC100,1000,630000,Opex,14980.69,17149.5,2168.8099999999995,0.14477370535002054,Forecast
2026-12-01,CC100,1000,640000,Opex,11367.31,11687.97,320.65999999999985,0.028208960607214888,Forecast
2026-12-01,CC100,2000,600000,Opex,157636.91,165634.39,7997.4800000000105,0.05073354964900042,Forecast
2026-12-01,CC100,2000,600100,Opex,32701.05,33348.18,647.130000000001,0.019789272821514936,Forecast
2026-12-01,CC100,2000,600200,Opex,12253.23,12320.0,66.77000000000044,0.0054491754419039255,Forecast
2026-12-01,CC100,2000,610000,Opex,70386.58,78587.0,8200.419999999998,0.11650544748729087,Forecast
2026-12-01,CC100,2000,620000,Opex,10944.25,11126.0,181.75,0.016606894031112228,Forecast
2026-12-01,CC100,2000,630000,Opex,7924.36,9166.15,1241.79,0.15670539955277146,Forecast
2026-12-01,CC100,2000,640000,Opex,6078.14,6257.23,179.08999999999924,0.02946460594853018,Forecast
2026-12-01,CC100,3000,600000,Opex,79445.94,80053.86,607.9199999999983,0.007651995809980954,Forecast
2026-12-01,CC100,3000,600100,Opex,16456.2,16102.53,-353.6700000000001,-0.021491595872680208,Forecast
2026-12-01,CC100,3000,600200,Opex,5971.89,6334.9,363.0099999999993,0.060786451190494015,Forecast
2026-12-01,CC100,3000,610000,Opex,37473.93,37898.93,425.0,0.011341217747911681,Forecast
2026-12-01,CC100,3000,620000,Opex,5025.01,4692.34,-332.6700000000001,-0.06620285332765508,Forecast
2026-12-01,CC100,3000,630000,Opex,4196.06,3931.39,-264.6700000000005,-0.06307583780975498,Forecast
2026-12-01,CC100,3000,640000,Opex,3159.57,2970.92,-188.6500000000001,-0.05970749184224438,Forecast
2026-12-01,CC200,1000,600000,Opex,552028.83,575677.91,23649.080000000075,0.04284029875758495,Forecast
2026-12-01,CC200,1000,600100,Opex,118118.96,119707.09,1588.12999999999,0.013445174254835887,Forecast
2026-12-01,CC200,1000,600200,Opex,44590.21,44601.6,11.389999999999418,0.00025543723611078345,Forecast
2026-12-01,CC200,1000,620000,Opex,11951.35,9552.85,-2398.5,-0.20068862513439903,Forecast
2026-12-01,CC200,1000,630000,Opex,51886.49,51046.42,-840.0699999999997,-0.01619053437609674,Forecast
2026-12-01,CC200,1000,640000,Opex,22400.85,21132.66,-1268.1899999999987,-0.05661347672074938,Forecast
2026-12-01,CC200,1000,660000,Opex,21092.78,25125.84,4033.0600000000013,0.19120571114855422,Forecast
2026-12-01,CC200,2000,600000,Opex,312518.31,332222.58,19704.27000000002,0.06304996977617093,Forecast
2026-12-01,CC200,2000,600100,Opex,63004.51,65446.95,2442.439999999995,0.03876611372741404,Forecast
2026-12-01,CC200,2000,600200,Opex,24009.12,25066.87,1057.75,0.04405617532004505,Forecast
2026-12-01,CC200,2000,620000,Opex,5672.82,5722.54,49.720000000000255,0.008764600322238367,Forecast
2026-12-01,CC200,2000,630000,Opex,29176.07,30300.46,1124.3899999999994,0.038538089605625415,Forecast
2026-12-01,CC200,2000,640000,Opex,11350.7,13950.27,2599.5699999999997,0.22902287964618917,Forecast
2026-12-01,CC200,2000,660000,Opex,11514.1,13146.2,1632.1000000000004,0.1417479438253967,Forecast
2026-12-01,CC200,3000,600000,Opex,153858.16,159732.67,5874.510000000009,0.03818133532859102,Forecast
2026-12-01,CC200,3000,600100,Opex,32209.52,32243.6,34.07999999999811,0.0010580722718003283,Forecast
2026-12-01,CC200,3000,600200,Opex,11817.39,12603.19,785.8000000000011,0.06649522441080485,Forecast
2026-12-01,CC200,3000,620000,Opex,3029.23,2733.2,-296.0300000000002,-0.0977245042469539,Forecast
2026-12-01,CC200,3000,630000,Opex,13232.7,16364.61,3131.91,0.23667958919948306,Forecast
2026-12-01,CC200,3000,640000,Opex,6385.07,7819.15,1434.08,0.22459894723158869,Forecast
2026-12-01,CC200,3000,660000,Opex,6272.15,6428.7,156.55000000000018,0.02495954337826745,Forecast
2026-12-01,CC300,1000,600000,Opex,95565.33,88820.93,-6744.400000000009,-0.07057371119840228,Forecast
2026-12-01,CC300,1000,600100,Opex,19321.79,18658.05,-663.7400000000016,-0.034351889757626056,Forecast
2026-12-01,CC300,1000,600200,Opex,6993.43,6686.24,-307.1900000000005,-0.04392551294572199,Forecast
2026-12-01,CC300,1000,630000,Opex,4613.44,4236.23,-377.21000000000004,-0.08176328292987448,Forecast
2026-12-01,CC300,1000,640000,Opex,3873.64,3471.62,-402.02,-0.10378352144236429,Forecast
2026-12-01,CC300,1000,650000,Opex,16934.12,15047.35,-1886.7699999999986,-0.11141824907346816,Forecast
2026-12-01,CC300,1000,660000,Opex,3676.82,3334.01,-342.80999999999995,-0.09323545890198594,Forecast
2026-12-01,CC300,2000,600000,Opex,50661.2,49212.39,-1448.8099999999977,-0.028598019786345324,Forecast
2026-12-01,CC300,2000,600100,Opex,10471.84,10168.15,-303.6900000000005,-0.02900063408149862,Forecast
2026-12-01,CC300,2000,600200,Opex,3811.09,3781.12,-29.970000000000255,-0.007863891957419072,Forecast
2026-12-01,CC300,2000,630000,Opex,2605.32,2594.46,-10.860000000000127,-0.00416839390170886,Forecast
2026-12-01,CC300,2000,640000,Opex,1906.91,1640.82,-266.09000000000015,-0.13953988389593644,Forecast
2026-12-01,CC300,2000,650000,Opex,10652.86,10852.88,200.01999999999862,0.018776178415936998,Forecast
2026-12-01,CC300,2000,660000,Opex,1954.15,1995.51,41.3599999999999,0.021165212496481796,Forecast
2026-12-01,CC300,3000,600000,Opex,26050.8,23992.14,-2058.66,-0.07902482841217928,Forecast
2026-12-01,CC300,3000,600100,Opex,5110.33,5072.47,-37.85999999999967,-0.0074085235200074505,Forecast
2026-12-01,CC300,3000,600200,Opex,1997.5,1926.96,-70.53999999999996,-0.03531414267834792,Forecast
2026-12-01,CC300,3000,630000,Opex,1478.85,1059.1,-419.75,-0.28383541265172263,Forecast
2026-12-01,CC300,3000,640000,Opex,1100.9,848.31,-252.59000000000015,-0.2294395494595332,Forecast
2026-12-01,CC300,3000,650000,Opex,5269.95,4883.69,-386.2600000000002,-0.07329481304376706,Forecast
2026-12-01,CC300,3000,660000,Opex,957.46,995.86,38.39999999999998,0.04010611409353913,Forecast
2026-12-01,CC400,1000,600000,Opex,161958.41,165191.85,3233.4400000000023,0.019964631660683765,Forecast
2026-12-01,CC400,1000,600100,Opex,33841.41,34054.62,213.20999999999913,0.006300269403668438,Forecast
2026-12-01,CC400,1000,600200,Opex,12726.51,12943.7,217.1900000000005,0.01706595130951066,Forecast
2026-12-01,CC400,1000,620000,Opex,4131.83,4368.56,236.73000000000047,0.05729422556107112,Forecast
2026-12-01,CC400,1000,630000,Opex,10385.86,11365.01,979.1499999999996,0.09427721921920762,Forecast
2026-12-01,CC400,1000,640000,Opex,6462.89,6242.07,-220.82000000000062,-0.03416737713314022,Forecast
2026-12-01,CC400,2000,600000,Opex,85469.89,90101.05,4631.1600000000035,0.05418469592039961,Forecast
2026-12-01,CC400,2000,600100,Opex,18196.56,18917.68,721.119999999999,0.03962946842699933,Forecast
2026-12-01,CC400,2000,600200,Opex,6767.35,7051.68,284.3299999999999,0.042014968931708856,Forecast
2026-12-01,CC400,2000,620000,Opex,2306.1,2576.39,270.28999999999996,0.11720653917869996,Forecast
2026-12-01,CC400,2000,630000,Opex,6172.21,5662.51,-509.6999999999998,-0.08257982149019553,Forecast
2026-12-01,CC400,2000,640000,Opex,3198.02,3442.23,244.21000000000004,0.0763628745286146,Forecast
2026-12-01,CC400,3000,600000,Opex,44185.86,44561.83,375.97000000000116,0.008508830653064152,Forecast
2026-12-01,CC400,3000,600100,Opex,9016.29,9158.13,141.83999999999833,0.015731525938051938,Forecast
2026-12-01,CC400,3000,600200,Opex,3468.17,3418.97,-49.20000000000027,-0.014186155811278071,Forecast
2026-12-01,CC400,3000,620000,Opex,1041.6,1305.82,264.22,0.25366743471582187,Forecast
2026-12-01,CC400,3000,630000,Opex,2566.62,2826.86,260.24000000000024,0.10139405132041371,Forecast
2026-12-01,CC400,3000,640000,Opex,1718.34,1603.24,-115.09999999999991,-0.06698325127739557,Forecast
2026-12-01,CC500,1000,500000,Opex,529299.3,426639.16,-102660.14000000007,-0.1939548002425094,Forecast
2026-12-01,CC500,1000,500100,Opex,224457.17,210616.94,-13840.23000000001,-0.061660895038461054,Forecast
2026-12-01,CC500,1000,600000,Opex,108818.24,112412.78,3594.5399999999936,0.033032513666826385,Forecast
2026-12-01,CC500,1000,600100,Opex,22570.59,22670.72,100.13000000000102,0.004436304057625477,Forecast
2026-12-01,CC500,1000,600200,Opex,8570.84,8569.81,-1.0300000000006548,-0.0001201749186778256,Forecast
2026-12-01,CC500,2000,500000,Opex,256828.75,240304.84,-16523.910000000003,-0.06433824094849196,Forecast
2026-12-01,CC500,2000,500100,Opex,115473.28,129696.43,14223.149999999994,0.12317265085048242,Forecast
2026-12-01,CC500,2000,600000,Opex,59891.08,60609.58,718.5,0.011996778151270607,Forecast
2026-12-01,CC500,2000,600100,Opex,12270.43,12615.96,345.52999999999884,0.02815956735012537,Forecast
2026-12-01,CC500,2000,600200,Opex,4663.59,4701.31,37.720000000000255,0.008088189570695592,Forecast
2026-12-01,CC500,3000,500000,Opex,140423.27,131319.89,-9103.379999999976,-0.06482814422424414,Forecast
2026-12-01,CC500,3000,500100,Opex,62962.74,60645.72,-2317.019999999997,-0.036799859726562044,Forecast
2026-12-01,CC500,3000,600000,Opex,29199.6,30993.37,1793.7700000000004,0.0614313209769997,Forecast
2026-12-01,CC500,3000,600100,Opex,6105.65,6356.11,250.46000000000004,0.04102102151286105,Forecast
2026-12-01,CC500,3000,600200,Opex,2309.34,2373.68,64.33999999999969,0.02786077407397771,Forecast
