period,profit_center,company_code,gl_account,customers,arpu,revenue,new_logos,churned_customers
2023-01-01,PC10,1000,400000,678.2959955478333,856.7032115443136,581098.36,29.929608563146164,11.633613015312948
2023-01-01,PC10,2000,400000,369.97963393518177,856.7032115443136,316962.74,16.32524103444336,6.345607099261607
2023-01-01,PC10,3000,400000,184.98981696759088,856.7032115443136,158481.37,8.16262051722168,3.1728035496308036
2023-01-01,PC20,1000,400000,363.28910472567094,1154.1344549970506,419284.47,18.08183876196305,6.792734036292159
2023-01-01,PC20,2000,400000,198.15769348672958,1154.1344549970506,228700.62,9.862821142888935,3.705127656159359
2023-01-01,PC20,3000,400000,99.07884674336479,1154.1344549970506,114350.31,4.931410571444467,1.8525638280796795
2023-01-01,PC40,1000,400200,165.99360040095632,2196.0029381056584,364522.43,6.513420687352318,5.519820286396036
2023-01-01,PC40,2000,400200,90.54196385506707,2196.0029381056584,198830.42,3.552774920373991,3.010811065306928
2023-01-01,PC40,3000,400200,45.27098192753353,2196.0029381056584,99415.21,1.7763874601869956,1.505405532653464
2023-01-01,PC30,1000,400100,,,118183.63,,
2023-01-01,PC30,2000,400100,,,64463.8,,
2023-01-01,PC30,3000,400100,,,32231.9,,
2023-02-01,PC10,1000,400000,694.6662953831149,861.3737635212299,598367.32,27.726690662636145,11.356390827354701
2023-02-01,PC10,2000,400000,378.90888839078985,861.3737635212299,326382.18,15.123649452346987,6.194394996738927
2023-02-01,PC10,3000,400000,189.45444419539493,861.3737635212299,163191.09,7.561824726173493,3.0971974983694635
2023-02-01,PC20,1000,400000,367.9996413582631,1156.011394805363,425411.78,10.096387161808584,5.385850529216405
2023-02-01,PC20,2000,400000,200.72707710450712,1156.011394805363,232042.79,5.507120270077409,2.937736652299857
2023-02-01,PC20,3000,400000,100.36353855225356,1156.011394805363,116021.39,2.7535601350387044,1.4688683261499285
2023-02-01,PC40,1000,400200,165.2763558721041,2186.2347998174723,361332.92,4.497297190868921,5.214541719721177
2023-02-01,PC40,2000,400200,90.15073956660221,2186.2347998174723,197090.68,2.4530711950194113,2.8442954834842786
2023-02-01,PC40,3000,400200,45.075369783301106,2186.2347998174723,98545.34,1.2265355975097056,1.4221477417421393
2023-02-01,PC30,1000,400100,,,90927.4,,
2023-02-01,PC30,2000,400100,,,49596.76,,
2023-02-01,PC30,3000,400100,,,24798.38,,
2023-03-01,PC10,1000,400000,720.8162254158563,865.1682607182099,623627.32,38.23045754677786,12.080527514036492
2023-03-01,PC10,2000,400000,393.172486590467,865.1682607182099,340160.36,20.852976843697014,6.589378644019904
2023-03-01,PC10,3000,400000,196.5862432952335,865.1682607182099,170080.18,10.426488421848507,3.294689322009952
2023-03-01,PC20,1000,400000,372.69124450107483,1162.560818445265,433276.24,11.450598027816298,6.758994885004558
2023-03-01,PC20,2000,400000,203.28613336422262,1162.560818445265,236332.49,6.245780742445253,3.6867244827297583
2023-03-01,PC20,3000,400000,101.64306668211131,1162.560818445265,118166.25,3.1228903712226264,1.8433622413648791
2023-03-01,PC40,1000,400200,164.39915855708043,2180.542211381186,358479.3,4.360516358351921,5.237713673375568
2023-03-01,PC40,2000,400200,89.67226830386204,2180.542211381186,195534.17,2.3784634681919568,2.856934730932128
2023-03-01,PC40,3000,400200,44.83613415193102,2180.542211381186,97767.08,1.1892317340959784,1.428467365466064
2023-03-01,PC30,1000,400100,,,111635.01,,
2023-03-01,PC30,2000,400100,,,60891.82,,
2023-03-01,PC30,3000,400100,,,30445.91,,
2023-04-01,PC10,1000,400000,732.7228299974615,868.5588695383765,636412.91,28.486207496410938,16.57960291480565
2023-04-01,PC10,2000,400000,399.6669981804335,868.5588695383765,347134.32,15.537931361678691,9.043419771712172
2023-04-01,PC10,3000,400000,199.83349909021675,868.5588695383765,173567.16,7.7689656808393455,4.521709885856086
2023-04-01,PC20,1000,400000,377.55577905513826,1159.857792580067,437911.01,13.238025304934245,8.373490750870792
2023-04-01,PC20,2000,400000,205.9395158482572,1159.857792580067,238860.55,7.220741075418679,4.5673585913840675
2023-04-01,PC20,3000,400000,102.9697579241286,1159.857792580067,119430.28,3.6103705377093394,2.2836792956920338
2023-04-01,PC40,1000,400200,166.89871529679152,2165.345759127423,361393.43,5.981774959054708,3.482218219343632
2023-04-01,PC40,2000,400200,91.03566288915901,2165.345759127423,197123.69,3.262786341302568,1.8993917560056173
2023-04-01,PC40,3000,400200,45.51783144457951,2165.345759127423,98561.84,1.631393170651284,0.9496958780028086
2023-04-01,PC30,1000,400100,,,121348.02,,
2023-04-01,PC30,2000,400100,,,66189.83,,
2023-04-01,PC30,3000,400100,,,33094.92,,
2023-05-01,PC10,1000,400000,753.4657428652758,871.4304209680389,656592.97,34.27095052807501,13.528037660260658
2023-05-01,PC10,2000,400000,410.98131429015046,871.4304209680389,358141.62,18.693245742586367,7.378929632869449
2023-05-01,PC10,3000,400000,205.49065714507523,871.4304209680389,179070.81,9.346622871293183,3.6894648164347243
2023-05-01,PC20,1000,400000,386.2446775956319,1160.647580055666,448293.95,14.565340555826493,5.876442015332783
2023-05-01,PC20,2000,400000,210.67891505216286,1160.647580055666,244523.97,7.944731212268995,3.2053320083633356
2023-05-01,PC20,3000,400000,105.33945752608143,1160.647580055666,122261.99,3.9723656061344976,1.6026660041816678
2023-05-01,PC40,1000,400200,166.1417759180333,2171.975419323004,360855.85,5.043967616749811,5.800906995508041
2023-05-01,PC40,2000,400200,90.6227868643818,2171.975419323004,196830.47,2.7512550636817146,3.164131088458931
2023-05-01,PC40,3000,400200,45.3113934321909,2171.975419323004,98415.23,1.3756275318408573,1.5820655442294655
2023-05-01,PC30,1000,400100,,,92318.16,,
2023-05-01,PC30,2000,400100,,,50355.36,,
2023-05-01,PC30,3000,400100,,,25177.68,,
2023-06-01,PC10,1000,400000,774.2138917345466,871.3768001097761,674632.02,33.52713721335466,12.778988344084002
2023-06-01,PC10,2000,400000,422.2984864006617,871.3768001097761,367981.1,18.28752938910254,6.9703572785912735
2023-06-01,PC10,3000,400000,211.14924320033086,871.3768001097761,183990.55,9.14376469455127,3.4851786392956368
2023-06-01,PC20,1000,400000,395.1906964818831,1172.9361460555813,463533.45,17.86556667266689,8.919547786415738
2023-06-01,PC20,2000,400000,215.55856171739075,1172.9361460555813,252836.43,9.744854548727393,4.865207883499492
2023-06-01,PC20,3000,400000,107.77928085869537,1172.9361460555813,126418.21,4.872427274363696,2.432603941749746
2023-06-01,PC40,1000,400200,166.3328762121708,2178.4643709243014,362350.24,4.944174652009588,4.753074357872101
2023-06-01,PC40,2000,400200,90.72702338845679,2178.4643709243014,197645.59,2.696822537459775,2.5925860133847816
2023-06-01,PC40,3000,400200,45.36351169422839,2178.4643709243014,98822.79,1.3484112687298875,1.2962930066923908
2023-06-01,PC30,1000,400100,,,141853.18,,
2023-06-01,PC30,2000,400100,,,77374.46,,
2023-06-01,PC30,3000,400100,,,38687.23,,
2023-07-01,PC10,1000,400000,783.7695353071748,869.0780995332218,681156.94,23.1033962749324,13.547752702304301
2023-07-01,PC10,2000,400000,427.51065562209527,869.0780995332218,371540.15,12.60185251359949,7.389683292165982
2023-07-01,PC10,3000,400000,213.75532781104764,869.0780995332218,185770.07,6.300926256799745,3.694841646082991
2023-07-01,PC20,1000,400000,396.0976898533094,1188.345524499288,470700.92,9.774115238048381,8.867121866622094
2023-07-01,PC20,2000,400000,216.05328537453238,1188.345524499288,256745.95,5.331335584390025,4.8366119272484145
2023-07-01,PC20,3000,400000,108.02664268726619,1188.345524499288,128372.98,2.6656677921950127,2.4183059636242072
2023-07-01,PC40,1000,400200,165.19545759568152,2185.3697024700796,361013.15,4.603709979635469,5.741128596124741
2023-07-01,PC40,2000,400200,90.1066132340081,2185.3697024700796,196916.26,2.5111145343466195,3.131524688795313
2023-07-01,PC40,3000,400200,45.05330661700405,2185.3697024700796,98458.13,1.2555572671733097,1.5657623443976565
2023-07-01,PC30,1000,400100,,,115558.07,,
2023-07-01,PC30,2000,400100,,,63031.67,,
2023-07-01,PC30,3000,400100,,,31515.84,,
2023-08-01,PC10,1000,400000,794.0872239901809,872.3675981754538,692735.96,27.680299071993314,17.36261038898723
2023-08-01,PC10,2000,400000,433.1384858128259,872.3675981754538,377855.98,15.098344948359987,9.470514757629395
2023-08-01,PC10,3000,400000,216.56924290641294,872.3675981754538,188927.99,7.5491724741799935,4.735257378814698
2023-08-01,PC20,1000,400000,408.715953221363,1200.1474770976788,490519.42,17.427192213916427,4.808928845862792
2023-08-01,PC20,2000,400000,222.93597448437978,1200.1474770976788,267556.05,9.505741207590777,2.623052097743341
2023-08-01,PC20,3000,400000,111.46798724218989,1200.1474770976788,133778.02,4.7528706037953885,1.3115260488716705
2023-08-01,PC40,1000,400200,165.2230464177479,2188.758259498044,361633.31,4.76117659755579,4.733587775489379
2023-08-01,PC40,2000,400200,90.12166168240793,2188.758259498044,197254.53,2.5970054168486123,2.5819569684487518
2023-08-01,PC40,3000,400200,45.060830841203966,2188.758259498044,98627.27,1.2985027084243062,1.2909784842243759
2023-08-01,PC30,1000,400100,,,94881.07,,
2023-08-01,PC30,2000,400100,,,51753.31,,
2023-08-01,PC30,3000,400100,,,25876.65,,
2023-09-01,PC10,1000,400000,809.5943784965602,883.5926698371695,715351.66,30.56638657072475,15.0592320643454
2023-09-01,PC10,2000,400000,441.59693372539647,883.5926698371695,390191.81,16.67257449312259,8.214126580552035
2023-09-01,PC10,3000,400000,220.79846686269823,883.5926698371695,195095.91,8.336287246561294,4.107063290276018
2023-09-01,PC20,1000,400000,416.2663218126208,1202.5351197833234,500574.87,14.733354954945451,7.18298636368767
2023-09-01,PC20,2000,400000,227.0543573523386,1202.5351197833234,273040.84,8.036375429970246,3.917992562011456
2023-09-01,PC20,3000,400000,113.5271786761693,1202.5351197833234,136520.42,4.018187714985123,1.958996281005728
2023-09-01,PC40,1000,400200,166.70317545241016,2183.9899156282513,364078.05,6.681248096525054,5.2011190618627845
2023-09-01,PC40,2000,400200,90.92900479222371,2183.9899156282513,198588.03,3.6443171435591197,2.8369740337433367
2023-09-01,PC40,3000,400200,45.464502396111854,2183.9899156282513,99294.01,1.8221585717795599,1.4184870168716683
2023-09-01,PC30,1000,400100,,,143113.35,,
2023-09-01,PC30,2000,400100,,,78061.83,,
2023-09-01,PC30,3000,400100,,,39030.91,,
2023-10-01,PC10,1000,400000,826.7079011842677,883.405066710999,730317.95,33.80358725620009,16.690064568492645
2023-10-01,PC10,2000,400000,450.93158246414595,883.405066710999,398355.24,18.438320321563683,9.103671582814169
2023-10-01,PC10,3000,400000,225.46579123207297,883.405066710999,199177.62,9.219160160781842,4.551835791407084
2023-10-01,PC20,1000,400000,424.4623801619706,1197.9882266414993,508500.93,16.031720529630988,7.8356621802812265
2023-10-01,PC20,2000,400000,231.5249346338021,1197.9882266414993,277364.15,8.744574834344174,4.273997552880669
2023-10-01,PC20,3000,400000,115.76246731690105,1197.9882266414993,138682.07,4.372287417172087,2.1369987764403344
2023-10-01,PC40,1000,400200,167.84940492034735,2186.240911970326,366959.24,6.34315907429393,5.1969296063567185
2023-10-01,PC40,2000,400200,91.55422086564401,2186.240911970326,200159.58,3.4599049496148706,2.834688876194573
2023-10-01,PC40,3000,400200,45.777110432822006,2186.240911970326,100079.79,1.7299524748074353,1.4173444380972866
2023-10-01,PC30,1000,400100,,,131910.91,,
2023-10-01,PC30,2000,400100,,,71951.41,,
2023-10-01,PC30,3000,400100,,,35975.7,,
2023-11-01,PC10,1000,400000,838.3343924646874,885.1221525358319,742028.34,25.5683063095355,13.941815029115729
2023-11-01,PC10,2000,400000,457.2733049807386,885.1221525358319,404742.73,13.94634889611027,7.604626379517669
2023-11-01,PC10,3000,400000,228.6366524903693,885.1221525358319,202371.37,6.973174448055135,3.8023131897588347
2023-11-01,PC20,1000,400000,430.8945991196285,1206.882456791276,520039.13,14.716087409717677,8.283868452059798
2023-11-01,PC20,2000,400000,235.03341770161552,1206.882456791276,283657.71,8.026956768936913,4.518473701123526
2023-11-01,PC20,3000,400000,117.51670885080776,1206.882456791276,141828.85,4.013478384468456,2.259236850561763
2023-11-01,PC40,1000,400200,170.5993842959528,2191.8055560888483,373920.68,7.917324042198426,5.167344666592959
2023-11-01,PC40,2000,400200,93.05420961597424,2191.8055560888483,203956.73,4.3185403866536864,2.8185516363234324
2023-11-01,PC40,3000,400200,46.52710480798712,2191.8055560888483,101978.37,2.1592701933268432,1.4092758181617162
2023-11-01,PC30,1000,400100,,,137418.09,,
2023-11-01,PC30,2000,400100,,,74955.32,,
2023-11-01,PC30,3000,400100,,,37477.66,,
2023-12-01,PC10,1000,400000,850.6691783659197,888.9825077043994,756230.02,27.36479073269672,15.030004831464543
2023-12-01,PC10,2000,400000,464.0013700177743,888.9825077043994,412489.1,14.926249490561844,8.198184453526114
2023-12-01,PC10,3000,400000,232.00068500888716,888.9825077043994,206244.55,7.463124745280922,4.099092226763057
2023-12-01,PC20,1000,400000,448.603476175462,1215.100462259359,545098.29,26.078107135809216,8.36923007997569
2023-12-01,PC20,2000,400000,244.6928051866156,1215.100462259359,297326.34,14.224422074077752,4.565034589077649
2023-12-01,PC20,3000,400000,122.3464025933078,1215.100462259359,148663.17,7.112211037038876,2.2825172945388243
2023-12-01,PC40,1000,400200,173.21922900652746,2209.0264340118115,382645.86,6.84063534799181,4.220790637417159
2023-12-01,PC40,2000,400200,94.48321582174225,2209.0264340118115,208715.92,3.7312556443591687,2.3022494385911774
2023-12-01,PC40,3000,400200,47.241607910871124,2209.0264340118115,104357.96,1.8656278221795843,1.1511247192955887
2023-12-01,PC30,1000,400100,,,157823.79,,
2023-12-01,PC30,2000,400100,,,86085.7,,
2023-12-01,PC30,3000,400100,,,43042.85,,
2024-01-01,PC10,1000,400000,868.9779893802461,900.0207953611937,782098.26,31.532168951649393,13.22335793732296
2024-01-01,PC10,2000,400000,473.98799420740687,900.0207953611937,426599.05,17.19936488271785,7.212740693085251
2024-01-01,PC10,3000,400000,236.99399710370344,900.0207953611937,213299.53,8.599682441358924,3.6063703465426253
2024-01-01,PC20,1000,400000,448.81567710900146,1237.1457064315375,555250.39,9.974068853939798,9.76186792040033
2024-01-01,PC20,2000,400000,244.8085511503644,1237.1457064315375,302863.85,5.4404011930580705,5.32465522930927
2024-01-01,PC20,3000,400000,122.4042755751822,1237.1457064315375,151431.92,2.7202005965290352,2.662327614654635
2024-01-01,PC40,1000,400200,172.433442626947,2212.556255443807,381518.69,3.9693690381206186,4.755155417701098
2024-01-01,PC40,2000,400200,94.0546050692438,2212.556255443807,208101.1,2.165110384429428,2.5937211369278717
2024-01-01,PC40,3000,400200,47.0273025346219,2212.556255443807,104050.55,1.082555192214714,1.2968605684639358
2024-01-01,PC30,1000,400100,,,137008.51,,
2024-01-01,PC30,2000,400100,,,74731.92,,
2024-01-01,PC30,3000,400100,,,37365.96,,
2024-02-01,PC10,1000,400000,874.9821579560657,897.8843059425809,785632.75,21.80663761784491,15.802469042025178
2024-02-01,PC10,2000,400000,477.2629952487631,897.8843059425809,428526.95,11.894529609733585,8.619528568377369
2024-02-01,PC10,3000,400000,238.63149762438155,897.8843059425809,214263.48,5.947264804866792,4.3097642841886845
2024-02-01,PC20,1000,400000,457.7901178152563,1254.8364031302028,574451.7,16.712798217720724,7.73835751146582
2024-02-01,PC20,2000,400000,249.7037006265034,1254.8364031302028,313337.29,9.116071755120394,4.220922278981355
2024-02-01,PC20,3000,400000,124.8518503132517,1254.8364031302028,156668.65,4.558035877560197,2.1104611394906776
2024-02-01,PC40,1000,400200,172.2349223806222,2225.5685273484655,383320.62,4.724579240587126,4.923099486911916
2024-02-01,PC40,2000,400200,93.9463212985212,2225.5685273484655,209083.98,2.577043222138432,2.6853269928610444
2024-02-01,PC40,3000,400200,46.9731606492606,2225.5685273484655,104541.99,1.288521611069216,1.3426634964305222
2024-02-01,PC30,1000,400100,,,124498.1,,
2024-02-01,PC30,2000,400100,,,67908.05,,
2024-02-01,PC30,3000,400100,,,33954.03,,
2024-03-01,PC10,1000,400000,887.6329366694496,892.8158393560811,792492.75,31.48851934391949,18.837740630535603
2024-03-01,PC10,2000,400000,484.1634200015179,892.8158393560811,432268.77,17.175556005774265,10.275131253019419
2024-03-01,PC10,3000,400000,242.08171000075896,892.8158393560811,216134.39,8.587778002887132,5.137565626509709
2024-03-01,PC20,1000,400000,464.18920518981133,1266.9969439476895,588126.3,15.91180505585155,9.512717681296559
2024-03-01,PC20,2000,400000,253.19411192171523,1266.9969439476895,320796.17,8.679166394100845,5.188755098889032
2024-03-01,PC20,3000,400000,126.59705596085762,1266.9969439476895,160398.08,4.339583197050422,2.594377549444516
2024-03-01,PC40,1000,400200,172.3667228456112,2234.763796205126,385198.91,4.275418796230699,4.143618331241694
2024-03-01,PC40,2000,400200,94.01821246124247,2234.763796205126,210108.5,2.3320466161258357,2.26015545340456
2024-03-01,PC40,3000,400200,47.009106230621235,2234.763796205126,105054.25,1.1660233080629179,1.13007772670228
2024-03-01,PC30,1000,400100,,,158018.44,,
2024-03-01,PC30,2000,400100,,,86191.87,,
2024-03-01,PC30,3000,400100,,,43095.94,,
2024-04-01,PC10,1000,400000,903.9516765072136,892.7442816580316,806997.69,33.1264335701333,16.807693732369206
2024-04-01,PC10,2000,400000,493.0645508221165,892.7442816580316,440180.56,18.068963765527254,9.167832944928657
2024-04-01,PC10,3000,400000,246.53227541105824,892.7442816580316,220090.28,9.034481882763627,4.583916472464328
2024-04-01,PC20,1000,400000,471.31110509921484,1267.901442286163,597576.03,16.813807248530303,9.691907339126809
2024-04-01,PC20,2000,400000,257.0787845995717,1267.901442286163,325950.56,9.171167590107437,5.286494912250986
2024-04-01,PC20,3000,400000,128.53939229978585,1267.901442286163,162975.28,4.585583795053719,2.643247456125493
2024-04-01,PC40,1000,400200,174.4503093013835,2221.0248684462845,387458.48,7.622116766033309,5.538530310261015
2024-04-01,PC40,2000,400200,95.15471416439098,2221.0248684462845,211340.99,4.157518236018168,3.021016532869644
2024-04-01,PC40,3000,400200,47.57735708219549,2221.0248684462845,105670.49,2.078759118009084,1.510508266434822
2024-04-01,PC30,1000,400100,,,168335.78,,
2024-04-01,PC30,2000,400100,,,91819.52,,
2024-04-01,PC30,3000,400100,,,45909.76,,
2024-05-01,PC10,1000,400000,910.7023912285099,902.5212362521426,821928.25,24.942858305612237,18.19214358431606
2024-05-01,PC10,2000,400000,496.7467588519144,902.5212362521426,448324.5,13.605195439424856,9.92298740962694
2024-05-01,PC10,3000,400000,248.3733794259572,902.5212362521426,224162.25,6.802597719712428,4.96149370481347
2024-05-01,PC20,1000,400000,473.64780200645856,1277.3811426932598,605028.77,13.12506861352906,10.788371706285334
2024-05-01,PC20,2000,400000,258.35334654897736,1277.3811426932598,330015.69,7.159128334652213,5.884566385246545
2024-05-01,PC20,3000,400000,129.17667327448868,1277.3811426932598,165007.85,3.5795641673261067,2.9422831926232726
2024-05-01,PC40,1000,400200,174.0416070294655,2219.9758146663494,386368.16,6.3138395583945455,6.72254183031254
2024-05-01,PC40,2000,400200,94.9317856524357,2219.9758146663494,210746.27,3.4439124863970245,3.6668409983522943
2024-05-01,PC40,3000,400200,47.46589282621785,2219.9758146663494,105373.13,1.7219562431985123,1.8334204991761471
2024-05-01,PC30,1000,400100,,,140832.04,,
2024-05-01,PC30,2000,400100,,,76817.47,,
2024-05-01,PC30,3000,400100,,,38408.74,,
2024-06-01,PC10,1000,400000,923.2348351358141,905.7138056165657,836186.54,26.91909393068903,14.386650023384716
2024-06-01,PC10,2000,400000,503.58263734680764,905.7138056165657,456101.75,14.683142144012196,7.847263649118935
2024-06-01,PC10,3000,400000,251.79131867340382,905.7138056165657,228050.87,7.341571072006098,3.9236318245594677
2024-06-01,PC20,1000,400000,480.8973572737069,1290.1078181099483,620409.44,17.11567327419174,9.866118006943392
2024-06-01,PC20,2000,400000,262.30764942202194,1290.1078181099483,338405.15,9.335821785922766,5.381518912878214
2024-06-01,PC20,3000,400000,131.15382471101097,1290.1078181099483,169202.57,4.667910892961383,2.690759456439107
2024-06-01,PC40,1000,400200,173.46984136156817,2218.6705998671687,384872.44,5.787871872959128,6.359637540856443
2024-06-01,PC40,2000,400200,94.61991346994627,2218.6705998671687,209930.42,3.1570210216140695,3.468893204103514
2024-06-01,PC40,3000,400200,47.309956734973134,2218.6705998671687,104965.21,1.5785105108070348,1.734446602051757
2024-06-01,PC30,1000,400100,,,219658.37,,
2024-06-01,PC30,2000,400100,,,119813.66,,
2024-06-01,PC30,3000,400100,,,59906.83,,
2024-07-01,PC10,1000,400000,937.8725326432151,903.5171281200809,847383.9,29.11925870858046,14.481561201179463
2024-07-01,PC10,2000,400000,511.56683598720815,903.5171281200809,462209.4,15.883232022862067,7.899033382461525
2024-07-01,PC10,3000,400000,255.78341799360408,903.5171281200809,231104.7,7.941616011431034,3.9495166912307624
2024-07-01,PC20,1000,400000,486.0292116520236,1302.0851829178735,632851.43,14.42741353505411,9.295559156737468
2024-07-01,PC20,2000,400000,265.10684271928557,1302.0851829178735,345191.69,7.869498291847696,5.070304994584073
2024-07-01,PC20,3000,400000,132.55342135964278,1302.0851829178735,172595.85,3.934749145923848,2.5351524972920365
2024-07-01,PC40,1000,400200,173.466102658712,2209.616732508452,383293.6,5.14350524832781,5.14724395118399
2024-07-01,PC40,2000,400200,94.61787417747927,2209.616732508452,209069.24,2.805548317269714,2.8075876097367214
2024-07-01,PC40,3000,400200,47.30893708873963,2209.616732508452,104534.62,1.402774158634857,1.4037938048683607
2024-07-01,PC30,1000,400100,,,129190.93,,
2024-07-01,PC30,2000,400100,,,70467.78,,
2024-07-01,PC30,3000,400100,,,35233.89,,
2024-08-01,PC10,1000,400000,942.1034322949334,908.2918208216312,855704.84,23.281226085995073,19.050326434276702
2024-08-01,PC10,2000,400000,513.8745994336,908.2918208216312,466748.1,12.698850592360946,10.391087145969108
2024-08-01,PC10,3000,400000,256.9372997168,908.2918208216312,233374.05,6.349425296180473,5.195543572984554
2024-08-01,PC20,1000,400000,485.69292655779964,1311.6059051376567,637037.71,9.636812105410371,9.973097199634324
2024-08-01,PC20,2000,400000,264.9234144860725,1311.6059051376567,347475.11,5.256442966587474,5.43987119980054
2024-08-01,PC20,3000,400000,132.46170724303624,1311.6059051376567,173737.56,2.628221483293737,2.71993559990027
2024-08-01,PC40,1000,400200,171.94210328957027,2212.5980629904975,380438.76,3.7999811381608786,5.3239805073026165
2024-08-01,PC40,2000,400200,93.78660179431104,2212.5980629904975,207512.05,2.072716984451388,2.9039893676196087
2024-08-01,PC40,3000,400200,46.89330089715552,2212.5980629904975,103756.03,1.036358492225694,1.4519946838098043
2024-08-01,PC30,1000,400100,,,138609.27,,
2024-08-01,PC30,2000,400100,,,75605.06,,
2024-08-01,PC30,3000,400100,,,37802.53,,
2024-09-01,PC10,1000,400000,957.4297667176336,917.8273476191586,878755.22,33.71065217709641,18.384317754396186
2024-09-01,PC10,2000,400000,522.2344182096183,917.8273476191586,479321.03,18.387628460234403,10.0278096842161
2024-09-01,PC10,3000,400000,261.11720910480915,917.8273476191586,239660.52,9.193814230117201,5.01390484210805
2024-09-01,PC20,1000,400000,497.0775801163407,1310.783593501313,651561.14,19.091139288240754,7.706485729699653
2024-09-01,PC20,2000,400000,271.133225518004,1310.783593501313,355396.98,10.413348702676773,4.2035376707452645
2024-09-01,PC20,3000,400000,135.566612759002,1310.783593501313,177698.49,5.206674351338386,2.1017688353726323
2024-09-01,PC40,1000,400200,172.67118863873756,2221.648222131899,383614.64,6.2848849145365735,5.555799565369256
2024-09-01,PC40,2000,400200,94.18428471203866,2221.648222131899,209244.35,3.428119044292676,3.030436126565048
2024-09-01,PC40,3000,400200,47.09214235601933,2221.648222131899,104622.17,1.714059522146338,1.515218063282524
2024-09-01,PC30,1000,400100,,,256773.27,,
2024-09-01,PC30,2000,400100,,,140058.15,,
2024-09-01,PC30,3000,400100,,,70029.07,,
2024-10-01,PC10,1000,400000,973.6440240133196,926.7523104589011,902326.85,36.3834988307243,20.169241535038218
2024-10-01,PC10,2000,400000,531.0785585527198,926.7523104589011,492178.28,19.845544816758707,11.001404473657209
2024-10-01,PC10,3000,400000,265.5392792763599,926.7523104589011,246089.14,9.922772408379354,5.500702236828604
2024-10-01,PC20,1000,400000,506.3518248822664,1323.3065778819896,670058.7,18.745656548619678,9.471411782694025
2024-10-01,PC20,2000,400000,276.1919044812362,1323.3065778819896,365486.56,10.224903571974368,5.166224608742195
2024-10-01,PC20,3000,400000,138.0959522406181,1323.3065778819896,182743.28,5.112451785987184,2.5831123043710975
2024-10-01,PC40,1000,400200,172.95996889361228,2217.4000279752977,383521.44,5.284903037607804,4.996122782733075
2024-10-01,PC40,2000,400200,94.34180121469761,2217.4000279752977,209193.51,2.882674384149711,2.725157881490768
2024-10-01,PC40,3000,400200,47.170900607348806,2217.4000279752977,104596.76,1.4413371920748554,1.362578940745384
2024-10-01,PC30,1000,400100,,,174893.48,,
2024-10-01,PC30,2000,400100,,,95396.44,,
2024-10-01,PC30,3000,400100,,,47698.22,,
2024-11-01,PC10,1000,400000,1006.9054867858579,934.2752790027699,940726.9,45.87831589553727,12.616853122999157
2024-11-01,PC10,2000,400000,549.2211746104679,934.2752790027699,513123.77,25.024535943020325,6.881919885272266
2024-11-01,PC10,3000,400000,274.61058730523393,934.2752790027699,256561.88,12.512267971510163,3.440959942636133
2024-11-01,PC20,1000,400000,509.411230674071,1338.569203699132,681882.19,12.46955160506229,9.41014581325761
2024-11-01,PC20,2000,400000,277.86067127676597,1338.569203699132,371935.74,6.8015736027612475,5.1328068072314235
2024-11-01,PC20,3000,400000,138.93033563838299,1338.569203699132,185967.87,3.4007868013806237,2.5664034036157117
2024-11-01,PC40,1000,400200,174.723637210405,2210.1007412137296,386156.84,6.1136372189045085,4.349968902111792
2024-11-01,PC40,2000,400200,95.30380211476636,2210.1007412137296,210631.0,3.3347112103115495,2.3727103102427956
2024-11-01,PC40,3000,400200,47.65190105738318,2210.1007412137296,105315.5,1.6673556051557747,1.1863551551213978
2024-11-01,PC30,1000,400100,,,195027.82,,
2024-11-01,PC30,2000,400100,,,106378.81,,
2024-11-01,PC30,3000,400100,,,53189.41,,
2024-12-01,PC10,1000,400000,1022.0283676919302,938.2678399794257,958936.35,33.83565369030019,18.712772784227894
2024-12-01,PC10,2000,400000,557.4700187410527,938.2678399794257,523056.19,18.4558111038001,10.206966973215213
2024-12-01,PC10,3000,400000,278.73500937052637,938.2678399794257,261528.1,9.22790555190005,5.103483486607606
2024-12-01,PC20,1000,400000,513.3903223059075,1350.3533166031114,693258.32,17.443763836436677,13.464672204600262
2024-12-01,PC20,2000,400000,280.0310848941313,1350.3533166031114,378140.9,9.514780274420003,7.344366657054688
2024-12-01,PC20,3000,400000,140.01554244706566,1350.3533166031114,189070.45,4.757390137210002,3.672183328527344
2024-12-01,PC40,1000,400200,174.20543604107644,2203.535153417084,383867.8,4.87010883920897,5.388310008537546
2024-12-01,PC40,2000,400200,95.02114693149623,2203.535153417084,209382.44,2.656423003204892,2.939078186475025
2024-12-01,PC40,3000,400200,47.51057346574812,2203.535153417084,104691.22,1.328211501602446,1.4695390932375125
2024-12-01,PC30,1000,400100,,,202867.2,,
2024-12-01,PC30,2000,400100,,,110654.84,,
2024-12-01,PC30,3000,400100,,,55327.42,,
2025-01-01,PC10,1000,400000,1026.8581941772748,944.8637912801398,970241.13,22.909724579233945,18.079898093889312
2025-01-01,PC10,2000,400000,560.1044695512408,944.8637912801398,529222.43,12.496213406854878,9.861762596666898
2025-01-01,PC10,3000,400000,280.0522347756204,944.8637912801398,264611.22,6.248106703427439,4.930881298333449
2025-01-01,PC20,1000,400000,521.2310509358718,1354.3949140667726,705952.68,16.259873398239577,8.419144768275187
2025-01-01,PC20,2000,400000,284.30784596502093,1354.3949140667726,385065.1,8.869021853585224,4.592260782695556
2025-01-01,PC20,3000,400000,142.15392298251047,1354.3949140667726,192532.55,4.434510926792612,2.296130391347778
2025-01-01,PC40,1000,400200,173.97123786906977,2229.080131451753,387795.83,4.4798041419506545,4.714002313957309
2025-01-01,PC40,2000,400200,94.89340247403806,2229.080131451753,211525.0,2.4435295319730836,2.571273989431259
2025-01-01,PC40,3000,400200,47.44670123701903,2229.080131451753,105762.5,1.2217647659865418,1.2856369947156294
2025-01-01,PC30,1000,400100,,,194563.74,,
2025-01-01,PC30,2000,400100,,,106125.67,,
2025-01-01,PC30,3000,400100,,,53062.84,,
2025-02-01,PC10,1000,400000,1029.2144455847963,960.6741377452485,988739.7,23.38448686864568,21.028235461124044
2025-02-01,PC10,2000,400000,561.389697591707,960.6741377452485,539312.56,12.755174655624915,11.46994661515857
2025-02-01,PC10,3000,400000,280.6948487958535,960.6741377452485,269656.28,6.377587327812457,5.734973307579285
2025-02-01,PC20,1000,400000,531.444252031746,1357.231823644059,721293.05,18.26199370224778,8.048792606373608
2025-02-01,PC20,2000,400000,289.8786829264069,1357.231823644059,393432.57,9.961087473953333,4.390250512567421
2025-02-01,PC20,3000,400000,144.93934146320345,1357.231823644059,196716.29,4.980543736976666,2.1951252562837107
2025-02-01,PC40,1000,400200,176.06035636890377,2237.245065998603,393890.16,6.754242037694757,4.665123537860802
2025-02-01,PC40,2000,400200,96.03292165576568,2237.245065998603,214849.18,3.684132020560776,2.544612838833164
2025-02-01,PC40,3000,400200,48.01646082788284,2237.245065998603,107424.59,1.842066010280388,1.272306419416582
2025-02-01,PC30,1000,400100,,,207973.35,,
2025-02-01,PC30,2000,400100,,,113440.01,,
2025-02-01,PC30,3000,400100,,,56720.0,,
2025-03-01,PC10,1000,400000,1036.0568629086383,945.8340240534933,979937.83,25.20286358225734,18.360446258415397
2025-03-01,PC10,2000,400000,565.1219252228935,945.8340240534933,534511.54,13.747016499413093,10.014788868226578
2025-03-01,PC10,3000,400000,282.56096261144677,945.8340240534933,267255.77,6.873508249706546,5.007394434113289
2025-03-01,PC20,1000,400000,533.778442126245,1353.8567965008558,722659.57,12.560397458221349,10.226207363722384
2025-03-01,PC20,2000,400000,291.1518775234063,1353.8567965008558,394177.95,6.851125886302553,5.577931289303119
2025-03-01,PC20,3000,400000,145.57593876170316,1353.8567965008558,197088.97,3.4255629431512764,2.7889656446515594
2025-03-01,PC40,1000,400200,179.02769327170643,2233.575386924505,399871.85,7.116087190892319,4.148750288089624
2025-03-01,PC40,2000,400200,97.6514690572944,2233.575386924505,218111.92,3.881502104123083,2.26295470259434
2025-03-01,PC40,3000,400200,48.8257345286472,2233.575386924505,109055.96,1.9407510520615414,1.13147735129717
2025-03-01,PC30,1000,400100,,,190624.69,,
2025-03-01,PC30,2000,400100,,,103977.11,,
2025-03-01,PC30,3000,400100,,,51988.55,,
2025-04-01,PC10,1000,400000,1061.0346864922324,956.2183192637107,1014580.8,39.610233058965,14.632409475370899
2025-04-01,PC10,2000,400000,578.7461926321266,956.2183192637107,553407.71,21.605581668526362,7.9813142592932165
2025-04-01,PC10,3000,400000,289.3730963160633,956.2183192637107,276703.86,10.802790834263181,3.9906571296466082
2025-04-01,PC20,1000,400000,540.8729638049358,1364.3798120592678,737956.15,16.198366045146297,9.103844366455478
2025-04-01,PC20,2000,400000,295.02161662087406,1364.3798120592678,402521.54,8.835472388261616,4.965733290793897
2025-04-01,PC20,3000,400000,147.51080831043703,1364.3798120592678,201260.77,4.417736194130808,2.4828666453969483
2025-04-01,PC40,1000,400200,180.11248106558514,2236.7444116253673,402865.59,5.972069098617736,4.8872813047390045
2025-04-01,PC40,2000,400200,98.24317149031917,2236.7444116253673,219744.86,3.2574922356096736,2.665789802584911
2025-04-01,PC40,3000,400200,49.121585745159585,2236.7444116253673,109872.43,1.6287461178048368,1.3328949012924556
2025-04-01,PC30,1000,400100,,,182649.92,,
2025-04-01,PC30,2000,400100,,,99627.23,,
2025-04-01,PC30,3000,400100,,,49813.61,,
2025-05-01,PC10,1000,400000,1070.9072963260905,969.1426625463164,1037861.95,30.86810194489305,20.995492111034967
2025-05-01,PC10,2000,400000,584.1312525415038,969.1426625463164,566106.52,16.837146515396206,11.452086606019073
2025-05-01,PC10,3000,400000,292.0656262707519,969.1426625463164,283053.26,8.418573257698103,5.726043303009536
2025-05-01,PC20,1000,400000,538.5631797163536,1355.2213760093498,729872.33,11.968775437251976,14.278559525834254
2025-05-01,PC20,2000,400000,293.7617343907383,1355.2213760093498,398112.18,6.528422965773804,7.788305195909592
2025-05-01,PC20,3000,400000,146.88086719536915,1355.2213760093498,199056.09,3.264211482886902,3.894152597954796
2025-05-01,PC40,1000,400200,179.58200466682155,2242.7521979762037,402757.94,5.349732755914773,5.880209154678354
2025-05-01,PC40,2000,400200,97.9538207273572,2242.7521979762037,219686.15,2.918036048680785,3.2073868116427384
2025-05-01,PC40,3000,400200,48.9769103636786,2242.7521979762037,109843.07,1.4590180243403925,1.6036934058213692
2025-05-01,PC30,1000,400100,,,177939.26,,
2025-05-01,PC30,2000,400100,,,97057.78,,
2025-05-01,PC30,3000,400100,,,48528.89,,
2025-06-01,PC10,1000,400000,1083.6857267436842,969.5921620179663,1050733.19,30.62927434680464,17.850843929210967
2025-06-01,PC10,2000,400000,591.1013054965549,969.5921620179663,573127.19,16.70687691643889,9.736823961387799
2025-06-01,PC10,3000,400000,295.55065274827746,969.5921620179663,286563.6,8.353438458219445,4.8684119806938995
2025-06-01,PC20,1000,400000,545.7401869489809,1356.363207518561,740221.91,18.525097012942283,11.34808978031502
2025-06-01,PC20,2000,400000,297.67646560853495,1356.363207518561,403757.41,10.104598370695788,6.189867152899101
2025-06-01,PC20,3000,400000,148.83823280426748,1356.363207518561,201878.7,5.052299185347894,3.0949335764495505
2025-06-01,PC40,1000,400200,180.61181381553104,2255.9332399962454,407448.19,6.665603876678919,5.635794727969435
2025-06-01,PC40,2000,400200,98.51553480847146,2255.9332399962454,222244.47,3.6357839327339554,3.0740698516196914
2025-06-01,PC40,3000,400200,49.25776740423573,2255.9332399962454,111122.23,1.8178919663669777,1.5370349258098457
2025-06-01,PC30,1000,400100,,,213919.62,,
2025-06-01,PC30,2000,400100,,,116683.43,,
2025-06-01,PC30,3000,400100,,,58341.71,,
2025-07-01,PC10,1000,400000,1087.0170683614926,977.8179507995602,1062904.8,21.19862216552932,17.86728054772082
2025-07-01,PC10,2000,400000,592.9184009244505,977.8179507995602,579766.26,11.562884817561446,9.7457893896659
2025-07-01,PC10,3000,400000,296.4592004622252,977.8179507995602,289883.13,5.781442408780723,4.87289469483295
2025-07-01,PC20,1000,400000,549.6415501051754,1364.0998548318805,749765.96,14.781946375781567,10.88058321958704
2025-07-01,PC20,2000,400000,299.80448187555015,1364.0998548318805,408963.25,8.062879841335398,5.934863574320203
2025-07-01,PC20,3000,400000,149.90224093777508,1364.0998548318805,204481.63,4.031439920667699,2.9674317871601015
2025-07-01,PC40,1000,400200,181.6141491648212,2265.59446424242,411464.01,5.939888246830541,4.937552897540376
2025-07-01,PC40,2000,400200,99.06226318081156,2265.59446424242,224434.92,3.239939043725749,2.6932106713856596
2025-07-01,PC40,3000,400200,49.53113159040578,2265.59446424242,112217.46,1.6199695218628745,1.3466053356928298
2025-07-01,PC30,1000,400100,,,193896.15,,
2025-07-01,PC30,2000,400100,,,105761.54,,
2025-07-01,PC30,3000,400100,,,52880.77,,
2025-08-01,PC10,1000,400000,1088.753136159851,986.5718641403021,1074133.21,24.527225848427786,22.79115805006944
2025-08-01,PC10,2000,400000,593.8653469962823,986.5718641403021,585890.84,13.378486826415154,12.43154075458333
2025-08-01,PC10,3000,400000,296.9326734981411,986.5718641403021,292945.42,6.689243413207577,6.215770377291665
2025-08-01,PC20,1000,400000,551.8411316284844,1371.0922621299728,756625.11,15.345048710993773,13.145467187684789
2025-08-01,PC20,2000,400000,301.0042536155369,1371.0922621299728,412704.6,8.370026569632966,7.170254829646248
2025-08-01,PC20,3000,400000,150.50212680776846,1371.0922621299728,206352.3,4.185013284816483,3.585127414823124
2025-08-01,PC40,1000,400200,181.76942788001642,2272.266635668811,413028.61,5.350133441582014,5.194854726386814
2025-08-01,PC40,2000,400200,99.14696066182712,2272.266635668811,225288.33,2.91825460449928,2.8335571234837165
2025-08-01,PC40,3000,400200,49.57348033091356,2272.266635668811,112644.17,1.45912730224964,1.4167785617418582
2025-08-01,PC30,1000,400100,,,197809.51,,
2025-08-01,PC30,2000,400100,,,107896.1,,
2025-08-01,PC30,3000,400100,,,53948.05,,
2025-09-01,PC10,1000,400000,1099.6966792278886,985.6747505684485,1083943.25,32.29064302938535,21.34709996134774
2025-09-01,PC10,2000,400000,599.8345523061209,985.6747505684485,591241.77,17.61307801602837,11.643872706189676
2025-09-01,PC10,3000,400000,299.91727615306047,985.6747505684485,295620.89,8.806539008014186,5.821936353094838
2025-09-01,PC20,1000,400000,564.439891834849,1367.9591357700651,772130.71,21.9700975282001,9.371337321835528
2025-09-01,PC20,2000,400000,307.87630463719034,1367.9591357700651,421162.2,11.983689560836416,5.111638539183014
2025-09-01,PC20,3000,400000,153.93815231859517,1367.9591357700651,210581.1,5.991844780418208,2.555819269591507
2025-09-01,PC40,1000,400200,182.5903244710808,2283.0479021261635,416862.46,6.921529764765067,6.100633173700671
2025-09-01,PC40,2000,400200,99.59472243877134,2283.0479021261635,227379.52,3.775379871690036,3.3276180947458203
2025-09-01,PC40,3000,400200,49.79736121938567,2283.0479021261635,113689.76,1.887689935845018,1.6638090473729101
2025-09-01,PC30,1000,400100,,,221661.97,,
2025-09-01,PC30,2000,400100,,,120906.53,,
2025-09-01,PC30,3000,400100,,,60453.26,,
2025-10-01,PC10,1000,400000,1115.7745659860484,990.0657614046597,1104690.2,33.20831632184856,17.13042956368867
2025-10-01,PC10,2000,400000,608.6043087196628,990.0657614046597,602558.29,18.113627084644666,9.34387067110291
2025-10-01,PC10,3000,400000,304.3021543598314,990.0657614046597,301279.14,9.056813542322333,4.671935335551455
2025-10-01,PC20,1000,400000,566.5628123032715,1373.5919205178657,778226.1,15.06290773568843,12.939987267266009
2025-10-01,PC20,2000,400000,309.0342612563299,1373.5919205178657,424486.96,8.216131492193687,7.058174873054186
2025-10-01,PC20,3000,400000,154.51713062816495,1373.5919205178657,212243.48,4.108065746096844,3.529087436527093
2025-10-01,PC40,1000,400200,182.60944126510904,2290.987403770725,418355.93,5.232757775175414,5.213640981147183
2025-10-01,PC40,2000,400200,99.60514978096856,2290.987403770725,228194.14,2.854231513732044,2.843804171534827
2025-10-01,PC40,3000,400200,49.80257489048428,2290.987403770725,114097.07,1.427115756866022,1.4219020857674134
2025-10-01,PC30,1000,400100,,,191199.1,,
2025-10-01,PC30,2000,400100,,,104290.42,,
2025-10-01,PC30,3000,400100,,,52145.21,,
2025-11-01,PC10,1000,400000,1123.754503764316,995.4812225387391,1118676.51,28.798009946140787,20.81807216787347
2025-11-01,PC10,2000,400000,612.9570020532632,995.4812225387391,610187.19,15.7080054251677,11.355312091567345
2025-11-01,PC10,3000,400000,306.4785010266316,995.4812225387391,305093.59,7.85400271258385,5.677656045783673
2025-11-01,PC20,1000,400000,571.5669279364785,1382.3723316351216,790118.31,15.534753517871232,10.530637884664376
2025-11-01,PC20,2000,400000,311.7637788744427,1382.3723316351216,430973.62,8.473501918838853,5.743984300726022
2025-11-01,PC20,3000,400000,155.88188943722136,1382.3723316351216,215486.81,4.236750959419426,2.871992150363011
2025-11-01,PC40,1000,400200,182.90412730955242,2283.4027112072886,417643.78,4.61639650191765,4.321710457474242
2025-11-01,PC40,2000,400200,99.76588762339223,2283.4027112072886,227805.7,2.5180344555914447,2.357296613167768
2025-11-01,PC40,3000,400200,49.882943811696116,2283.4027112072886,113902.85,1.2590172277957223,1.178648306583884
2025-11-01,PC30,1000,400100,,,203856.03,,
2025-11-01,PC30,2000,400100,,,111194.2,,
2025-11-01,PC30,3000,400100,,,55597.1,,
2025-12-01,PC10,1000,400000,1138.5558812689142,1004.5858517302576,1143777.13,39.50539169468114,24.704014190082788
2025-12-01,PC10,2000,400000,621.0304806921349,1004.5858517302576,623878.43,21.548395469826072,13.474916830954248
2025-12-01,PC10,3000,400000,310.51524034606746,1004.5858517302576,311939.22,10.774197734913036,6.737458415477124
2025-12-01,PC20,1000,400000,578.974846879286,1380.9689801613347,799546.3,18.806650394941382,11.398731452133745
2025-12-01,PC20,2000,400000,315.80446193415594,1380.9689801613347,436116.17,10.258172942695298,6.217489882982042
2025-12-01,PC20,3000,400000,157.90223096707797,1380.9689801613347,218058.08,5.129086471347649,3.108744941491021
2025-12-01,PC40,1000,400200,184.51126133962262,2290.1074925322932,422550.62,6.856671995367535,5.249537965297343
2025-12-01,PC40,2000,400200,100.64250618524869,2290.1074925322932,230482.16,3.740002906564109,2.8633843447076415
2025-12-01,PC40,3000,400200,50.321253092624346,2290.1074925322932,115241.08,1.8700014532820546,1.4316921723538207
2025-12-01,PC30,1000,400100,,,189651.92,,
2025-12-01,PC30,2000,400100,,,103446.5,,
2025-12-01,PC30,3000,400100,,,51723.25,,
2026-01-01,PC10,1000,400000,1143.4029231357251,1007.9486416989477,1152491.42,30.052841770043184,25.20579990323223
2026-01-01,PC10,2000,400000,623.6743217103955,1007.9486416989477,628631.69,16.392459147296282,13.74861812903576
2026-01-01,PC10,3000,400000,311.83716085519774,1007.9486416989477,314315.84,8.196229573648141,6.87430906451788
2026-01-01,PC20,1000,400000,581.1701667995818,1384.549386906861,804658.8,14.973544893658266,12.778224973362521
2026-01-01,PC20,2000,400000,317.0019091634082,1384.549386906861,438904.8,8.167388123813598,6.9699408945613746
2026-01-01,PC20,3000,400000,158.5009545817041,1384.549386906861,219452.4,4.083694061906799,3.4849704472806873
2026-01-01,PC40,1000,400200,184.13731957754433,2293.7397326155933,422363.09,5.171851556992314,5.545793319070623
2026-01-01,PC40,2000,400200,100.4385379513878,2293.7397326155933,230379.87,2.821009940177625,3.0249781740385213
2026-01-01,PC40,3000,400200,50.2192689756939,2293.7397326155933,115189.93,1.4105049700888126,1.5124890870192607
2026-01-01,PC30,1000,400100,,,192593.08,,
2026-01-01,PC30,2000,400100,,,105050.77,,
2026-01-01,PC30,3000,400100,,,52525.39,,
2026-02-01,PC10,1000,400000,1151.66771412292,1020.7565056360662,1175572.31,30.383457898839946,22.11866691164499
2026-02-01,PC10,2000,400000,628.1823895215927,1020.7565056360662,641221.26,16.57279521754906,12.06472740635181
2026-02-01,PC10,3000,400000,314.0911947607963,1020.7565056360662,320610.63,8.28639760877453,6.032363703175905
2026-02-01,PC20,1000,400000,583.8517659695525,1385.0975502549484,808691.65,18.059098729908193,15.377499559937409
2026-02-01,PC20,2000,400000,318.4645996197559,1385.0975502549484,441104.54,9.850417489040831,8.387727032693132
2026-02-01,PC20,3000,400000,159.23229980987796,1385.0975502549484,220552.27,4.925208744520416,4.193863516346566
2026-02-01,PC40,1000,400200,184.8248769458096,2326.170500315326,429934.18,6.3635974303534715,5.676040062088169
2026-02-01,PC40,2000,400200,100.81356924316886,2326.170500315326,234509.55,3.4710531438291663,3.0960218520480915
2026-02-01,PC40,3000,400200,50.40678462158443,2326.170500315326,117254.78,1.7355265719145831,1.5480109260240458
2026-02-01,PC30,1000,400100,,,194210.88,,
2026-02-01,PC30,2000,400100,,,105933.21,,
2026-02-01,PC30,3000,400100,,,52966.6,,
2026-03-01,PC10,1000,400000,1158.4792229642026,1011.8316493913194,1172185.94,25.677714569325676,18.866205728042917
2026-03-01,PC10,2000,400000,631.8977579804741,1011.8316493913194,639374.15,14.006026128723095,10.290657669841591
2026-03-01,PC10,3000,400000,315.94887899023706,1011.8316493913194,319687.08,7.003013064361547,5.145328834920796
2026-03-01,PC20,1000,400000,587.4470005652223,1393.2728983975537,818473.99,13.942607079900933,10.347372484231173
2026-03-01,PC20,2000,400000,320.4256366719394,1393.2728983975537,446440.36,7.6050584072186895,5.644021355035184
2026-03-01,PC20,3000,400000,160.2128183359697,1393.2728983975537,223220.18,3.8025292036093448,2.822010677517592
2026-03-01,PC40,1000,400200,183.55803535326143,2341.7617581867503,429849.19,5.838338416019388,7.105180008567553
2026-03-01,PC40,2000,400200,100.1225647381426,2341.7617581867503,234463.19,3.1845482269196657,3.8755527319459375
2026-03-01,PC40,3000,400200,50.0612823690713,2341.7617581867503,117231.6,1.5922741134598328,1.9377763659729688
2026-03-01,PC30,1000,400100,,,201746.31,,
2026-03-01,PC30,2000,400100,,,110043.44,,
2026-03-01,PC30,3000,400100,,,55021.72,,
2026-04-01,PC10,1000,400000,1162.9585580885216,1007.8638535282394,1172103.89,26.870632114508194,22.39129699018938
2026-04-01,PC10,2000,400000,634.3410316846481,1007.8638535282394,639329.4,14.656708426095376,12.213434721921478
2026-04-01,PC10,3000,400000,317.17051584232405,1007.8638535282394,319664.7,7.328354213047688,6.106717360960739
2026-04-01,PC20,1000,400000,594.8662885690742,1396.3171245655485,830621.99,21.246803698948273,13.827515695096457
2026-04-01,PC20,2000,400000,324.47252103767676,1396.3171245655485,453066.54,11.589165653971785,7.542281288234429
2026-04-01,PC20,3000,400000,162.23626051883838,1396.3171245655485,226533.27,5.794582826985892,3.7711406441172146
2026-04-01,PC40,1000,400200,181.01197741981977,2342.4941697685294,424019.5,4.078996816200032,6.625054749641707
2026-04-01,PC40,2000,400200,98.73380586535623,2342.4941697685294,231283.36,2.2249073542909263,3.6136662270772946
2026-04-01,PC40,3000,400200,49.366902932678116,2342.4941697685294,115641.68,1.1124536771454632,1.8068331135386473
2026-04-01,PC30,1000,400100,,,257484.95,,
2026-04-01,PC30,2000,400100,,,140446.34,,
2026-04-01,PC30,3000,400100,,,70223.17,,
2026-05-01,PC10,1000,400000,1165.4756758844042,1011.9270185547806,1179376.33,21.56834139786467,19.051223601982183
2026-05-01,PC10,2000,400000,635.7140050278567,1011.9270185547806,643296.18,11.764549853380728,10.391576510172099
2026-05-01,PC10,3000,400000,317.85700251392836,1011.9270185547806,321648.09,5.882274926690364,5.1957882550860495
2026-05-01,PC20,1000,400000,599.3023793335044,1408.516886347804,844127.52,15.530230205915865,11.09413944148564
2026-05-01,PC20,2000,400000,326.89220690918415,1408.516886347804,460433.19,8.47103465777229,6.051348786264893
2026-05-01,PC20,3000,400000,163.44610345459208,1408.516886347804,230216.6,4.235517328886145,3.0256743931324466
2026-05-01,PC40,1000,400200,180.14064963671117,2346.5274148339004,422704.97,4.443055774911231,5.314383558019854
2026-05-01,PC40,2000,400200,98.25853616547882,2346.5274148339004,230566.35,2.423484968133399,2.8987546680108287
2026-05-01,PC40,3000,400200,49.12926808273941,2346.5274148339004,115283.17,1.2117424840666995,1.4493773340054144
2026-05-01,PC30,1000,400100,,,238199.96,,
2026-05-01,PC30,2000,400100,,,129927.25,,
2026-05-01,PC30,3000,400100,,,64963.62,,
2026-06-01,PC10,1000,400000,1183.6733628353834,1006.6602571555089,1191556.93,35.63724301119401,17.439556060214738
2026-06-01,PC10,2000,400000,645.6400160920272,1006.6602571555089,649940.14,19.438496187924002,9.512485123753493
2026-06-01,PC10,3000,400000,322.8200080460136,1006.6602571555089,324970.07,9.719248093962001,4.756242561876746
2026-06-01,PC20,1000,400000,606.4305821629412,1409.2339352238794,854602.56,19.71172015030267,12.583517320865784
2026-06-01,PC20,2000,400000,330.7803175434224,1409.2339352238794,466146.85,10.751847354710547,6.863736720472245
2026-06-01,PC20,3000,400000,165.3901587717112,1409.2339352238794,233073.42,5.375923677355273,3.4318683602361224
2026-06-01,PC40,1000,400200,181.95330093642113,2365.477461284587,430406.43,7.310640455767298,5.497989156057356
2026-06-01,PC40,2000,400200,99.24725505622969,2365.477461284587,234767.14,3.987622066782162,2.9989031760312845
2026-06-01,PC40,3000,400200,49.623627528114845,2365.477461284587,117383.57,1.993811033391081,1.4994515880156423
2026-06-01,PC30,1000,400100,,,227149.85,,
2026-06-01,PC30,2000,400100,,,123899.92,,
2026-06-01,PC30,3000,400100,,,61949.96,,
2026-07-01,PC10,1000,400000,1193.690589221007,1009.1831643017482,1204652.45,36.93327245098242,26.91604606535891
2026-07-01,PC10,2000,400000,651.1039577569128,1009.1831643017482,657083.15,20.145421336899503,14.681479672013948
2026-07-01,PC10,3000,400000,325.5519788784564,1009.1831643017482,328541.58,10.072710668449751,7.340739836006974
2026-07-01,PC20,1000,400000,608.9110380572652,1427.852437114156,869435.11,15.783194676045476,13.302738781721471
2026-07-01,PC20,2000,400000,332.133293485781,1427.852437114156,474237.33,8.609015277842985,7.256039335484438
2026-07-01,PC20,3000,400000,166.0666467428905,1427.852437114156,237118.67,4.304507638921493,3.628019667742219
2026-07-01,PC40,1000,400200,179.65269570743885,2382.8650143545583,428088.12,3.719725774025697,6.0203310030079855
2026-07-01,PC40,2000,400200,97.99237947678482,2382.8650143545583,233502.61,2.0289413312867435,3.283816910731628
2026-07-01,PC40,3000,400200,48.99618973839241,2382.8650143545583,116751.31,1.0144706656433717,1.641908455365814
2026-07-01,PC30,1000,400100,,,173432.94,,
2026-07-01,PC30,2000,400100,,,94599.78,,
2026-07-01,PC30,3000,400100,,,47299.89,,
2026-08-01,PC10,1000,400000,1198.0461891151015,1011.5886119089397,1211929.88,19.269657398534857,14.914057504440116
2026-08-01,PC10,2000,400000,653.4797395173281,1011.5886119089397,661052.66,10.510722217382648,8.134940456967335
2026-08-01,PC10,3000,400000,326.73986975866404,1011.5886119089397,330526.33,5.255361108691324,4.067470228483668
2026-08-01,PC20,1000,400000,609.0674390528129,1435.6264777765255,874393.34,15.079027133066408,14.92262613751864
2026-08-01,PC20,2000,400000,332.21860311971614,1435.6264777765255,476941.82,8.224923890763494,8.139614256828347
2026-08-01,PC20,3000,400000,166.10930155985807,1435.6264777765255,238470.91,4.112461945381747,4.0698071284141735
2026-08-01,PC40,1000,400200,181.6661694892626,2360.8942968440806,428894.62,6.28732939011558,4.273855608291838
2026-08-01,PC40,2000,400200,99.09063790323414,2360.8942968440806,233942.52,3.4294523946084974,2.3311939681591842
2026-08-01,PC40,3000,400200,49.54531895161707,2360.8942968440806,116971.26,1.7147261973042487,1.1655969840795921
2026-08-01,PC30,1000,400100,,,227757.2,,
2026-08-01,PC30,2000,400100,,,124231.2,,
2026-08-01,PC30,3000,400100,,,62115.6,,
2026-09-01,PC10,1000,400000,1210.4408525900715,1003.0865610514868,1214176.95,33.85373636947453,21.45907289450467
2026-09-01,PC10,2000,400000,660.2404650491297,1003.0865610514868,662278.34,18.465674383349743,11.704948851548
2026-09-01,PC10,3000,400000,330.12023252456487,1003.0865610514868,331139.17,9.232837191674871,5.852474425774
2026-09-01,PC20,1000,400000,615.1925792162122,1448.5730080206508,891151.36,15.922959250470553,9.79781908707128
2026-09-01,PC20,2000,400000,335.5595886633884,1448.5730080206508,486082.56,8.685250500256664,5.344264956584334
2026-09-01,PC20,3000,400000,167.7797943316942,1448.5730080206508,243041.28,4.342625250128332,2.672132478292167
2026-09-01,PC40,1000,400200,183.12246629075173,2355.976078294062,431432.15,6.13793226363588,4.68163546214673
2026-09-01,PC40,2000,400200,99.8849816131373,2355.976078294062,235326.63,3.347963052892298,2.553619342989125
2026-09-01,PC40,3000,400200,49.94249080656865,2355.976078294062,117663.31,1.673981526446149,1.2768096714945625
2026-09-01,PC30,1000,400100,,,198136.23,,
2026-09-01,PC30,2000,400100,,,108074.31,,
2026-09-01,PC30,3000,400100,,,54037.15,,
2026-10-01,PC10,1000,400000,1218.4650426899125,1001.1662959959472,1219886.13,32.933712315347584,24.90952221550671
2026-10-01,PC10,2000,400000,664.6172960126794,1001.1662959959472,665392.44,17.96384308109868,13.587012117549111
2026-10-01,PC10,3000,400000,332.3086480063397,1001.1662959959472,332696.22,8.98192154054934,6.793506058774556
2026-10-01,PC20,1000,400000,622.2045762285901,1448.9246679591054,901527.56,18.33721694101547,11.32521992863748
2026-10-01,PC20,2000,400000,339.38431430650365,1448.9246679591054,491742.3,10.002118331462983,6.177392688347716
2026-10-01,PC20,3000,400000,169.69215715325183,1448.9246679591054,245871.15,5.001059165731491,3.088696344173858
2026-10-01,PC40,1000,400200,184.4259248184792,2350.5057472573835,433494.2,5.944039943644989,4.640581415917546
2026-10-01,PC40,2000,400200,100.59595899189773,2350.5057472573835,236451.38,3.242203605624539,2.5312262268641157
2026-10-01,PC40,3000,400200,50.297979495948866,2350.5057472573835,118225.69,1.6211018028122695,1.2656131134320578
2026-10-01,PC30,1000,400100,,,195237.59,,
2026-10-01,PC30,2000,400100,,,106493.23,,
2026-10-01,PC30,3000,400100,,,53246.61,,
2026-11-01,PC10,1000,400000,1240.3895882757554,1000.9677116096261,1241589.93,43.97292834872975,22.048382762886725
2026-11-01,PC10,2000,400000,676.5761390595028,1000.9677116096261,677230.87,23.98523364476168,12.026390597938212
2026-11-01,PC10,3000,400000,338.2880695297514,1000.9677116096261,338615.43,11.99261682238084,6.013195298969106
2026-11-01,PC20,1000,400000,627.503310096243,1454.2482814771045,912545.61,17.533152312555266,12.234418444902403
2026-11-01,PC20,2000,400000,342.2745327797689,1454.2482814771045,497752.15,9.563537625030145,6.673319151764946
2026-11-01,PC20,3000,400000,171.13726638988445,1454.2482814771045,248876.08,4.781768812515073,3.336659575882473
2026-11-01,PC40,1000,400200,184.9225038370461,2345.3745770263295,433712.54,6.658025033042992,6.161446014476087
2026-11-01,PC40,2000,400200,100.8668202747524,2345.3745770263295,236570.48,3.6316500180234494,3.3607887351687746
2026-11-01,PC40,3000,400200,50.4334101373762,2345.3745770263295,118285.24,1.8158250090117247,1.6803943675843873
2026-11-01,PC30,1000,400100,,,218349.05,,
2026-11-01,PC30,2000,400100,,,119099.48,,
2026-11-01,PC30,3000,400100,,,59549.74,,
2026-12-01,PC10,1000,400000,1262.0866726193788,995.8716384749832,1256876.32,36.3148435090093,14.617759165385621
2026-12-01,PC10,2000,400000,688.4109123378429,995.8716384749832,685568.9,19.808096459459616,7.9733231811194285
2026-12-01,PC10,3000,400000,344.20545616892144,995.8716384749832,342784.45,9.904048229729808,3.9866615905597143
2026-12-01,PC20,1000,400000,634.8955513080039,1459.3465614891854,926532.64,23.038975469356224,15.646734257595373
2026-12-01,PC20,2000,400000,346.3066643498202,1459.3465614891854,505381.44,12.56671389237612,8.534582322324749
2026-12-01,PC20,3000,400000,173.1533321749101,1459.3465614891854,252690.72,6.28335694618806,4.267291161162374
2026-12-01,PC40,1000,400200,186.56161290481955,2391.0467242464265,446077.53,7.445791393425209,5.806682325651744
2026-12-01,PC40,2000,400200,101.7608797662652,2391.0467242464265,243315.02,4.061340760050114,3.1672812685373146
2026-12-01,PC40,3000,400200,50.8804398831326,2391.0467242464265,121657.51,2.030670380025057,1.5836406342686573
2026-12-01,PC30,1000,400100,,,276842.33,,
2026-12-01,PC30,2000,400100,,,151004.91,,
2026-12-01,PC30,3000,400100,,,75502.45,,
