scenario,fiscal_year,plan_revenue,plan_opex,plan_ebitda,plan_ebitda_margin
Base,2027.0,144143122.0,127186548.0,16956574.0,0.1176370663041418
Base,2028.0,171530315.0,144992665.0,26537650.0,0.1547111366291142
Base,2029.0,200690469.0,163841711.0,36848758.0,0.18360990526161958
Upside,2027.0,166197019.666,132909942.66,33287077.006000012,0.20028684673705832
Upside,2028.0,197774453.195,151517334.92499998,46257118.27000001,0.2338882374478963
Upside,2029.0,231396110.757,171214587.99499997,60181522.762000024,0.2600800962692043
Downside,2027.0,116035213.21,119555355.11999999,-3520141.9099999964,-0.030336841831188434
Downside,2028.0,138081903.575,136293105.1,1788798.474999994,0.012954619169400411
Downside,2029.0,161555827.545,154011208.34,7544619.204999983,0.04669976515021406
